scope,dimension,value,eligible_users,purchase_7d_users,purchase_7d_rate,purchase_7d_wilson_low,purchase_7d_wilson_high,index_payment_users,index_payment_rate,no_index_payment_users,no_payment_nonbuyers,nonbuyers_7d,no_payment_share_of_nonbuyers,no_payment_share_wilson_low,no_payment_share_wilson_high,pre_history_users,cap_missing_category_users
primary_all,basket_sku_bin,missing,150,11,0.07333333333333333,0.041438815160384994,0.12653579336704038,114,0.76,36,36,139,0.2589928057553957,0.1933408678407721,0.33760763581387276,70,0
primary_all,basket_sku_bin,1,2688,874,0.32514880952380953,0.3077008475906528,0.34309582287454704,1242,0.46205357142857145,1446,1411,1814,0.7778390297684675,0.7581334048726862,0.7963703969351623,699,646
primary_all,basket_sku_bin,2,801,546,0.6816479400749064,0.6485862479408747,0.7129756432996587,658,0.8214731585518102,143,130,255,0.5098039215686274,0.44875819457893734,0.5705586491090114,310,0
primary_all,basket_sku_bin,3-4,704,520,0.7386363636363636,0.704947224294154,0.7697353417140534,600,0.8522727272727273,104,92,184,0.5,0.4284973118991558,0.5715026881008443,281,0
primary_all,basket_sku_bin,5+,529,413,0.780718336483932,0.7435047261868306,0.813884334073856,463,0.8752362948960303,66,58,116,0.5,0.41048113816122506,0.589518861838775,254,0
primary_all,basket_quantity_bin,missing,150,11,0.07333333333333333,0.041438815160384994,0.12653579336704038,114,0.76,36,36,139,0.2589928057553957,0.1933408678407721,0.33760763581387276,70,0
primary_all,basket_quantity_bin,1,1857,775,0.41733979536887456,0.39510473317974454,0.4399161394772089,1124,0.6052773290253096,733,706,1082,0.6524953789279113,0.6236280969165728,0.6802836733693076,636,0
primary_all,basket_quantity_bin,2,1086,514,0.4732965009208103,0.4437478835753377,0.5030333665500144,617,0.5681399631675875,469,456,572,0.7972027972027972,0.7623196827869743,0.8281206107902017,297,316
primary_all,basket_quantity_bin,3-4,1022,503,0.49217221135029354,0.46160832140967706,0.5227947265833397,591,0.5782778864970646,431,419,519,0.8073217726396917,0.7711817770113588,0.8389458144759864,278,319
primary_all,basket_quantity_bin,5-9,484,360,0.743801652892562,0.703097364021102,0.7806663582556093,412,0.8512396694214877,72,66,124,0.532258064516129,0.4447912091341382,0.6177862995535598,206,5
primary_all,basket_quantity_bin,10-19,185,132,0.7135135135135136,0.6445399696252664,0.7738003699026702,146,0.7891891891891892,39,33,53,0.6226415094339622,0.4880689594175337,0.7406373452712388,92,6
primary_all,basket_quantity_bin,20+,88,69,0.7840909090909091,0.6872246863441354,0.8571917530508122,73,0.8295454545454546,15,11,19,0.5789473684210527,0.3627590353425504,0.7685810871754576,35,0
primary_all,category_coverage,all_categories_missing,685,15,0.021897810218978103,0.013314502996904396,0.035813577764423704,18,0.026277372262773723,667,667,670,0.9955223880597015,0.9869189294668733,0.9984760641301104,12,646
primary_all,category_coverage,categories_present,3893,2233,0.5735936295915747,0.55799326273332,0.589048901043445,2823,0.7251477010017982,1070,1002,1660,0.6036144578313253,0.5798706084978034,0.6268798593285134,1469,0
primary_all,category_coverage,no_valid_item,150,11,0.07333333333333333,0.041438815160384994,0.12653579336704038,114,0.76,36,36,139,0.2589928057553957,0.1933408678407721,0.33760763581387276,70,0
primary_all,category_coverage,partial_categories_missing,144,105,0.7291666666666666,0.6513318056389864,0.7950923606704551,122,0.8472222222222222,22,22,39,0.5641025641025641,0.40975691648669477,0.7069524612431037,63,0
primary_all,local_price_quantity_bin,"(0,20]",1179,400,0.33927056827820185,0.31280578606394316,0.3667793373913447,640,0.542832909245123,539,526,779,0.675224646983312,0.6415495361953005,0.7071800781141651,347,0
primary_all,local_price_quantity_bin,"(160,inf)",224,171,0.7633928571428571,0.7035887710957098,0.814315216224101,184,0.8214285714285714,40,30,53,0.5660377358490566,0.4326535142760728,0.6904960344024968,95,3
primary_all,local_price_quantity_bin,"(20,40]",1627,577,0.35464044253226795,0.33176164981141376,0.3782040262255204,739,0.45421020282728947,888,869,1050,0.8276190476190476,0.8035890751215553,0.849260548739238,407,633
primary_all,local_price_quantity_bin,"(40,80]",1113,788,0.7079964061096137,0.6806051415883593,0.7339568325784088,922,0.8283917340521114,191,175,325,0.5384615384615384,0.48412930909666074,0.5918951681382234,450,4
primary_all,local_price_quantity_bin,"(80,160]",579,417,0.7202072538860104,0.6822835172420678,0.7552282557123822,478,0.8255613126079447,101,91,162,0.5617283950617284,0.4847694672103846,0.6358276388583928,245,6
primary_all,local_price_quantity_bin,missing,150,11,0.07333333333333333,0.041438815160384994,0.12653579336704038,114,0.76,36,36,139,0.2589928057553957,0.1933408678407721,0.33760763581387276,70,0
primary_all,contains_apparel,0,2914,1069,0.3668496911461908,0.3495371335269568,0.3845128445298921,1552,0.5326012354152367,1362,1329,1845,0.7203252032520325,0.6994030710045941,0.7403317673295603,865,646
primary_all,contains_apparel,1,1958,1295,0.6613891726251276,0.6401298858706572,0.6820164308760124,1525,0.7788559754851889,433,398,663,0.6003016591251885,0.5625412169511702,0.6369064902073046,749,0
primary_all,contains_drinkware,0,4531,2111,0.46590156698300594,0.45141182185382367,0.4804490815965128,2789,0.6155374089604944,1742,1680,2420,0.6942148760330579,0.6755623022306381,0.712251841544818,1466,646
primary_all,contains_drinkware,1,341,253,0.7419354838709677,0.6929784383793772,0.7855023120625074,288,0.844574780058651,53,47,88,0.5340909090909091,0.43063465303197157,0.6346953196954221,148,0
primary_all,contains_bags,0,4419,2089,0.47273138719167235,0.4580413967630723,0.487468745925999,2764,0.6254808780267028,1655,1600,2330,0.6866952789699571,0.6675672802963148,0.705208683860058,1418,646
primary_all,contains_bags,1,453,275,0.6070640176600441,0.5613685727267238,0.6509589166618247,313,0.6909492273730684,140,127,178,0.7134831460674157,0.6431030605973596,0.7748434324240159,196,0
primary_all,contains_accessories,0,4225,1954,0.4624852071005917,0.44749192712400077,0.4775466435845822,2577,0.6099408284023669,1648,1587,2271,0.6988110964332893,0.6796197525926726,0.7173309872044324,1364,646
primary_all,contains_accessories,1,647,410,0.633693972179289,0.5958819246982592,0.6699278169145,500,0.7727975270479135,147,140,237,0.5907172995780591,0.5271545751491493,0.6513861138607666,250,0
primary_all,contains_stationery_office,0,4293,2005,0.4670393664104356,0.45215124670704326,0.48198642099325134,2640,0.6149545772187281,1653,1592,2288,0.6958041958041958,0.6766376932337016,0.7143143058897684,1384,646
primary_all,contains_stationery_office,1,579,359,0.6200345423143351,0.5798303238458972,0.6586564857253522,437,0.7547495682210709,142,135,220,0.6136363636363636,0.5478694871590404,0.6755028955238833,230,0
primary_all,contains_lifestyle,0,4561,2154,0.47226485419864067,0.45780592460072134,0.48677046380568745,2833,0.6211357158517868,1728,1672,2407,0.6946406314914831,0.6759434724564608,0.712717505880269,1482,646
primary_all,contains_lifestyle,1,311,210,0.6752411575562701,0.6213324449649628,0.7248735483889074,244,0.7845659163987139,67,55,101,0.5445544554455446,0.44757998088881473,0.6382639219072378,132,0
primary_all,pre_history_present,0,3258,1333,0.40914671577655004,0.3923802295065071,0.42612719721127246,1787,0.5484960098219767,1471,1441,1925,0.7485714285714286,0.7287092277060344,0.7674435253487012,0,645
primary_all,pre_history_present,1,1614,1031,0.6387856257744734,0.6150470686678132,0.6618651080831549,1290,0.7992565055762082,324,286,583,0.49056603773584906,0.45018129764024967,0.5310742870927967,1614,1
primary_all,device_category,desktop,2815,1353,0.48063943161634104,0.46222171888145097,0.49910991271531086,1776,0.6309058614564831,1039,1002,1462,0.6853625170998632,0.6610995500618723,0.7086539432224918,963,368
primary_all,device_category,mobile,1953,963,0.4930875576036866,0.4709498461968877,0.5152524085242117,1233,0.631336405529954,720,689,990,0.695959595959596,0.666593372187479,0.7238109489005204,617,261
primary_all,device_category,tablet,104,48,0.46153846153846156,0.3688100475176425,0.5570069797417769,68,0.6538461538461539,36,36,56,0.6428571428571429,0.5119388780139953,0.755434282923501,34,17
sensitivity_exclude_cap_missing_category,basket_sku_bin,missing,150,11,0.07333333333333333,0.041438815160384994,0.12653579336704038,114,0.76,36,36,139,0.2589928057553957,0.1933408678407721,0.33760763581387276,70,0
sensitivity_exclude_cap_missing_category,basket_sku_bin,1,2042,874,0.42801175318315376,0.40670606819760013,0.44958778158611024,1242,0.6082272282076395,800,765,1168,0.6549657534246576,0.627235148674488,0.6816803597120356,698,0
sensitivity_exclude_cap_missing_category,basket_sku_bin,2,801,546,0.6816479400749064,0.6485862479408747,0.7129756432996587,658,0.8214731585518102,143,130,255,0.5098039215686274,0.44875819457893734,0.5705586491090114,310,0
sensitivity_exclude_cap_missing_category,basket_sku_bin,3-4,704,520,0.7386363636363636,0.704947224294154,0.7697353417140534,600,0.8522727272727273,104,92,184,0.5,0.4284973118991558,0.5715026881008443,281,0
sensitivity_exclude_cap_missing_category,basket_sku_bin,5+,529,413,0.780718336483932,0.7435047261868306,0.813884334073856,463,0.8752362948960303,66,58,116,0.5,0.41048113816122506,0.589518861838775,254,0
sensitivity_exclude_cap_missing_category,basket_quantity_bin,missing,150,11,0.07333333333333333,0.041438815160384994,0.12653579336704038,114,0.76,36,36,139,0.2589928057553957,0.1933408678407721,0.33760763581387276,70,0
sensitivity_exclude_cap_missing_category,basket_quantity_bin,1,1857,775,0.41733979536887456,0.39510473317974454,0.4399161394772089,1124,0.6052773290253096,733,706,1082,0.6524953789279113,0.6236280969165728,0.6802836733693076,636,0
sensitivity_exclude_cap_missing_category,basket_quantity_bin,2,770,514,0.6675324675324675,0.6334984343063277,0.6999031908704656,617,0.8012987012987013,153,140,256,0.546875,0.4856513509710702,0.6067126624890042,296,0
sensitivity_exclude_cap_missing_category,basket_quantity_bin,3-4,703,503,0.7155049786628734,0.6810525120051697,0.7476150431005116,591,0.8406827880512091,112,100,200,0.5,0.43136085960389187,0.5686391403961082,278,0
sensitivity_exclude_cap_missing_category,basket_quantity_bin,5-9,479,360,0.7515657620041754,0.7109703183864543,0.7881583202118659,412,0.860125260960334,67,61,119,0.5126050420168067,0.42381908116572403,0.6006026411811176,206,0
sensitivity_exclude_cap_missing_category,basket_quantity_bin,10-19,179,132,0.7374301675977654,0.6684657025363503,0.7964179214964044,146,0.8156424581005587,33,27,47,0.574468085106383,0.4328191934549279,0.7048637165632003,92,0
sensitivity_exclude_cap_missing_category,basket_quantity_bin,20+,88,69,0.7840909090909091,0.6872246863441354,0.8571917530508122,73,0.8295454545454546,15,11,19,0.5789473684210527,0.3627590353425504,0.7685810871754576,35,0
sensitivity_exclude_cap_missing_category,category_coverage,all_categories_missing,39,15,0.38461538461538464,0.24891373465561348,0.5410093854307493,18,0.46153846153846156,21,21,24,0.875,0.6899611872949993,0.9565566591987655,11,0
sensitivity_exclude_cap_missing_category,category_coverage,categories_present,3893,2233,0.5735936295915747,0.55799326273332,0.589048901043445,2823,0.7251477010017982,1070,1002,1660,0.6036144578313253,0.5798706084978034,0.6268798593285134,1469,0
sensitivity_exclude_cap_missing_category,category_coverage,no_valid_item,150,11,0.07333333333333333,0.041438815160384994,0.12653579336704038,114,0.76,36,36,139,0.2589928057553957,0.1933408678407721,0.33760763581387276,70,0
sensitivity_exclude_cap_missing_category,category_coverage,partial_categories_missing,144,105,0.7291666666666666,0.6513318056389864,0.7950923606704551,122,0.8472222222222222,22,22,39,0.5641025641025641,0.40975691648669477,0.7069524612431037,63,0
sensitivity_exclude_cap_missing_category,local_price_quantity_bin,"(0,20]",1179,400,0.33927056827820185,0.31280578606394316,0.3667793373913447,640,0.542832909245123,539,526,779,0.675224646983312,0.6415495361953005,0.7071800781141651,347,0
sensitivity_exclude_cap_missing_category,local_price_quantity_bin,"(160,inf)",221,171,0.7737556561085973,0.7141897634660085,0.823967214498161,184,0.832579185520362,37,27,50,0.54,0.40398871399157477,0.6703034780777566,95,0
sensitivity_exclude_cap_missing_category,local_price_quantity_bin,"(20,40]",994,577,0.5804828973843058,0.5495527806694516,0.6107933330198885,739,0.7434607645875252,255,236,417,0.565947242206235,0.5179883849820174,0.6127021609402502,406,0
sensitivity_exclude_cap_missing_category,local_price_quantity_bin,"(40,80]",1109,788,0.7105500450856628,0.6831683411880762,0.73647813792036,922,0.8313796212804329,187,171,321,0.5327102803738317,0.47806567603730493,0.5865812445751022,450,0
sensitivity_exclude_cap_missing_category,local_price_quantity_bin,"(80,160]",573,417,0.7277486910994765,0.6898761966161863,0.7625878140906611,478,0.8342059336823735,95,85,156,0.5448717948717948,0.4665858424673086,0.6210009457370258,245,0
sensitivity_exclude_cap_missing_category,local_price_quantity_bin,missing,150,11,0.07333333333333333,0.041438815160384994,0.12653579336704038,114,0.76,36,36,139,0.2589928057553957,0.1933408678407721,0.33760763581387276,70,0
sensitivity_exclude_cap_missing_category,contains_apparel,0,2268,1069,0.4713403880070547,0.4508623116418647,0.4919153855010148,1552,0.6843033509700176,716,683,1199,0.5696413678065054,0.5414372870846987,0.5974006277338778,864,0
sensitivity_exclude_cap_missing_category,contains_apparel,1,1958,1295,0.6613891726251276,0.6401298858706572,0.6820164308760124,1525,0.7788559754851889,433,398,663,0.6003016591251885,0.5625412169511702,0.6369064902073046,749,0
sensitivity_exclude_cap_missing_category,contains_drinkware,0,3885,2111,0.5433719433719434,0.5276735077094105,0.5589846920574159,2789,0.7178893178893179,1096,1034,1774,0.5828635851183765,0.5597633387373144,0.6056057376453574,1465,0
sensitivity_exclude_cap_missing_category,contains_drinkware,1,341,253,0.7419354838709677,0.6929784383793772,0.7855023120625074,288,0.844574780058651,53,47,88,0.5340909090909091,0.43063465303197157,0.6346953196954221,148,0
sensitivity_exclude_cap_missing_category,contains_bags,0,3773,2089,0.5536708189769415,0.5377621973269102,0.5694702624985177,2764,0.7325735489000795,1009,954,1684,0.5665083135391924,0.5427149169172182,0.5899989697036913,1417,0
sensitivity_exclude_cap_missing_category,contains_bags,1,453,275,0.6070640176600441,0.5613685727267238,0.6509589166618247,313,0.6909492273730684,140,127,178,0.7134831460674157,0.6431030605973596,0.7748434324240159,196,0
sensitivity_exclude_cap_missing_category,contains_accessories,0,3579,1954,0.5459625593741269,0.5296104287257907,0.5622161295468412,2577,0.7200335289186923,1002,941,1625,0.579076923076923,0.554913622701077,0.6028672335070354,1363,0
sensitivity_exclude_cap_missing_category,contains_accessories,1,647,410,0.633693972179289,0.5958819246982592,0.6699278169145,500,0.7727975270479135,147,140,237,0.5907172995780591,0.5271545751491493,0.6513861138607666,250,0
sensitivity_exclude_cap_missing_category,contains_stationery_office,0,3647,2005,0.5497669317247053,0.5335761137320629,0.5658530190019719,2640,0.7238826432684398,1007,946,1642,0.5761266747868453,0.5520740045340782,0.5998239797220324,1383,0
sensitivity_exclude_cap_missing_category,contains_stationery_office,1,579,359,0.6200345423143351,0.5798303238458972,0.6586564857253522,437,0.7547495682210709,142,135,220,0.6136363636363636,0.5478694871590404,0.6755028955238833,230,0
sensitivity_exclude_cap_missing_category,contains_lifestyle,0,3915,2154,0.550191570881226,0.534566864142038,0.5657178766747712,2833,0.7236270753512133,1082,1026,1761,0.5826235093696763,0.5594363211328862,0.6054510111232659,1481,0
sensitivity_exclude_cap_missing_category,contains_lifestyle,1,311,210,0.6752411575562701,0.6213324449649628,0.7248735483889074,244,0.7845659163987139,67,55,101,0.5445544554455446,0.44757998088881473,0.6382639219072378,132,0
sensitivity_exclude_cap_missing_category,pre_history_present,0,2613,1333,0.5101415996938385,0.4909735640046236,0.5292798601458351,1787,0.6838882510524301,826,796,1280,0.621875,0.5949824424651934,0.648038218580132,0,0
sensitivity_exclude_cap_missing_category,pre_history_present,1,1613,1031,0.6391816491010539,0.615440279870048,0.6622616540768309,1290,0.7997520148791073,323,285,582,0.4896907216494845,0.44927871168695044,0.5302379308802109,1613,0
sensitivity_exclude_cap_missing_category,device_category,desktop,2447,1353,0.5529219452390682,0.5331547879626731,0.5725232023731958,1776,0.7257866775643645,671,634,1094,0.5795246800731262,0.5500449784446462,0.608447851828781,962,0
sensitivity_exclude_cap_missing_category,device_category,mobile,1692,963,0.5691489361702128,0.5454232739635656,0.5925613228764752,1233,0.7287234042553191,459,428,729,0.5871056241426612,0.5509992930672793,0.6222987627009784,617,0
sensitivity_exclude_cap_missing_category,device_category,tablet,87,48,0.5517241379310345,0.4472454774597166,0.6518282287184777,68,0.7816091954022989,19,19,39,0.48717948717948717,0.33865175329862,0.6380063711554202,34,0
sensitivity_exclude_all_cap_only,basket_sku_bin,missing,150,11,0.07333333333333333,0.041438815160384994,0.12653579336704038,114,0.76,36,36,139,0.2589928057553957,0.1933408678407721,0.33760763581387276,70,0
sensitivity_exclude_all_cap_only,basket_sku_bin,1,1916,863,0.45041753653444677,0.42826091699404945,0.47277257765883096,1221,0.6372651356993737,695,660,1053,0.6267806267806267,0.5971564578865214,0.6554831388775375,686,0
sensitivity_exclude_all_cap_only,basket_sku_bin,2,801,546,0.6816479400749064,0.6485862479408747,0.7129756432996587,658,0.8214731585518102,143,130,255,0.5098039215686274,0.44875819457893734,0.5705586491090114,310,0
sensitivity_exclude_all_cap_only,basket_sku_bin,3-4,704,520,0.7386363636363636,0.704947224294154,0.7697353417140534,600,0.8522727272727273,104,92,184,0.5,0.4284973118991558,0.5715026881008443,281,0
sensitivity_exclude_all_cap_only,basket_sku_bin,5+,529,413,0.780718336483932,0.7435047261868306,0.813884334073856,463,0.8752362948960303,66,58,116,0.5,0.41048113816122506,0.589518861838775,254,0
sensitivity_exclude_all_cap_only,basket_quantity_bin,missing,150,11,0.07333333333333333,0.041438815160384994,0.12653579336704038,114,0.76,36,36,139,0.2589928057553957,0.1933408678407721,0.33760763581387276,70,0
sensitivity_exclude_all_cap_only,basket_quantity_bin,1,1733,764,0.4408540103866128,0.4176349373657688,0.46433471567372403,1104,0.6370455856895557,629,602,969,0.6212590299277606,0.5902950787459816,0.6512653501083495,624,0
sensitivity_exclude_all_cap_only,basket_quantity_bin,2,769,514,0.6684005201560468,0.6343613209756155,0.7007656278234528,617,0.8023407022106632,152,139,255,0.5450980392156862,0.4837615592479401,0.6050959217166244,296,0
sensitivity_exclude_all_cap_only,basket_quantity_bin,3-4,702,503,0.7165242165242165,0.6820767487037757,0.7486148693656943,590,0.8404558404558404,112,100,199,0.5025125628140703,0.4336577051939979,0.571272253433858,278,0
sensitivity_exclude_all_cap_only,basket_quantity_bin,5-9,479,360,0.7515657620041754,0.7109703183864543,0.7881583202118659,412,0.860125260960334,67,61,119,0.5126050420168067,0.42381908116572403,0.6006026411811176,206,0
sensitivity_exclude_all_cap_only,basket_quantity_bin,10-19,179,132,0.7374301675977654,0.6684657025363503,0.7964179214964044,146,0.8156424581005587,33,27,47,0.574468085106383,0.4328191934549279,0.7048637165632003,92,0
sensitivity_exclude_all_cap_only,basket_quantity_bin,20+,88,69,0.7840909090909091,0.6872246863441354,0.8571917530508122,73,0.8295454545454546,15,11,19,0.5789473684210527,0.3627590353425504,0.7685810871754576,35,0
sensitivity_exclude_all_cap_only,category_coverage,all_categories_missing,39,15,0.38461538461538464,0.24891373465561348,0.5410093854307493,18,0.46153846153846156,21,21,24,0.875,0.6899611872949993,0.9565566591987655,11,0
sensitivity_exclude_all_cap_only,category_coverage,categories_present,3767,2222,0.5898593044863286,0.5740685817272774,0.6054669430072276,2802,0.7438279798247943,965,897,1545,0.5805825242718446,0.5558064918762595,0.604958832800413,1457,0
sensitivity_exclude_all_cap_only,category_coverage,no_valid_item,150,11,0.07333333333333333,0.041438815160384994,0.12653579336704038,114,0.76,36,36,139,0.2589928057553957,0.1933408678407721,0.33760763581387276,70,0
sensitivity_exclude_all_cap_only,category_coverage,partial_categories_missing,144,105,0.7291666666666666,0.6513318056389864,0.7950923606704551,122,0.8472222222222222,22,22,39,0.5641025641025641,0.40975691648669477,0.7069524612431037,63,0
sensitivity_exclude_all_cap_only,local_price_quantity_bin,"(0,20]",1055,389,0.3687203791469194,0.34013299295093896,0.398260325810385,620,0.5876777251184834,435,422,666,0.6336336336336337,0.5963721436719559,0.6693623785139092,335,0
sensitivity_exclude_all_cap_only,local_price_quantity_bin,"(160,inf)",221,171,0.7737556561085973,0.7141897634660085,0.823967214498161,184,0.832579185520362,37,27,50,0.54,0.40398871399157477,0.6703034780777566,95,0
sensitivity_exclude_all_cap_only,local_price_quantity_bin,"(20,40]",992,577,0.5816532258064516,0.5506991330520256,0.6119773638592855,738,0.7439516129032258,254,235,415,0.5662650602409639,0.5181914858401672,0.6131231174344468,406,0
sensitivity_exclude_all_cap_only,local_price_quantity_bin,"(40,80]",1109,788,0.7105500450856628,0.6831683411880762,0.73647813792036,922,0.8313796212804329,187,171,321,0.5327102803738317,0.47806567603730493,0.5865812445751022,450,0
sensitivity_exclude_all_cap_only,local_price_quantity_bin,"(80,160]",573,417,0.7277486910994765,0.6898761966161863,0.7625878140906611,478,0.8342059336823735,95,85,156,0.5448717948717948,0.4665858424673086,0.6210009457370258,245,0
sensitivity_exclude_all_cap_only,local_price_quantity_bin,missing,150,11,0.07333333333333333,0.041438815160384994,0.12653579336704038,114,0.76,36,36,139,0.2589928057553957,0.1933408678407721,0.33760763581387276,70,0
sensitivity_exclude_all_cap_only,contains_apparel,0,2268,1069,0.4713403880070547,0.4508623116418647,0.4919153855010148,1552,0.6843033509700176,716,683,1199,0.5696413678065054,0.5414372870846987,0.5974006277338778,864,0
sensitivity_exclude_all_cap_only,contains_apparel,1,1832,1284,0.7008733624454149,0.6795039445647743,0.7214021339333064,1504,0.8209606986899564,328,293,548,0.5346715328467153,0.4928131016430364,0.576047255607409,737,0
sensitivity_exclude_all_cap_only,contains_drinkware,0,3759,2100,0.5586592178770949,0.5427338339712453,0.5744648322032826,2768,0.736366054801809,991,929,1659,0.5599758890898131,0.5359782981022062,0.5836963701858534,1453,0
sensitivity_exclude_all_cap_only,contains_drinkware,1,341,253,0.7419354838709677,0.6929784383793772,0.7855023120625074,288,0.844574780058651,53,47,88,0.5340909090909091,0.43063465303197157,0.6346953196954221,148,0
sensitivity_exclude_all_cap_only,contains_bags,0,3647,2078,0.5697833836029613,0.5536496208335994,0.5857702925593035,2743,0.7521250342747464,904,849,1569,0.5411089866156787,0.5163818744547141,0.5656352921685025,1405,0
sensitivity_exclude_all_cap_only,contains_bags,1,453,275,0.6070640176600441,0.5613685727267238,0.6509589166618247,313,0.6909492273730684,140,127,178,0.7134831460674157,0.6431030605973596,0.7748434324240159,196,0
sensitivity_exclude_all_cap_only,contains_accessories,0,3453,1943,0.562699102229945,0.5460930445056474,0.5791658096125044,2556,0.7402258905299739,897,836,1510,0.5536423841059602,0.5284641805809116,0.5785483464284891,1351,0
sensitivity_exclude_all_cap_only,contains_accessories,1,647,410,0.633693972179289,0.5958819246982592,0.6699278169145,500,0.7727975270479135,147,140,237,0.5907172995780591,0.5271545751491493,0.6513861138607666,250,0
sensitivity_exclude_all_cap_only,contains_stationery_office,0,3521,1994,0.566316387389946,0.5498835375808672,0.5826046907425265,2619,0.7438227776199943,902,841,1527,0.5507531106745253,0.525707953168642,0.575543550771816,1371,0
sensitivity_exclude_all_cap_only,contains_stationery_office,1,579,359,0.6200345423143351,0.5798303238458972,0.6586564857253522,437,0.7547495682210709,142,135,220,0.6136363636363636,0.5478694871590404,0.6755028955238833,230,0
sensitivity_exclude_all_cap_only,contains_lifestyle,0,3789,2143,0.5655845869622592,0.5497431027025026,0.5812932206967181,2812,0.7421483240960676,977,921,1646,0.5595382746051033,0.5354442569259278,0.5833550367589945,1469,0
sensitivity_exclude_all_cap_only,contains_lifestyle,1,311,210,0.6752411575562701,0.6213324449649628,0.7248735483889074,244,0.7845659163987139,67,55,101,0.5445544554455446,0.44757998088881473,0.6382639219072378,132,0
sensitivity_exclude_all_cap_only,pre_history_present,0,2499,1329,0.531812725090036,0.5122150149744038,0.5513127803798088,1776,0.7106842737094838,723,693,1170,0.5923076923076923,0.5638925331226956,0.6201186877938032,0,0
sensitivity_exclude_all_cap_only,pre_history_present,1,1601,1024,0.6396002498438476,0.6157739565839305,0.6627582295975473,1280,0.7995003123048094,321,283,577,0.4904679376083189,0.4498762678523261,0.5311856900486582,1601,0
sensitivity_exclude_all_cap_only,device_category,desktop,2372,1347,0.5678752107925801,0.5478460302045026,0.5876848987657463,1764,0.7436762225969646,608,571,1025,0.5570731707317074,0.5265067189708693,0.5872134261466407,955,0
sensitivity_exclude_all_cap_only,device_category,mobile,1644,959,0.5833333333333334,0.5593346454042321,0.6069434868355605,1226,0.745742092457421,418,387,685,0.564963503649635,0.5275773114877476,0.6016251325004078,612,0
sensitivity_exclude_all_cap_only,device_category,tablet,84,47,0.5595238095238095,0.45307101720468923,0.6607704436983275,66,0.7857142857142857,18,18,37,0.4864864864864865,0.3344640430301664,0.6410510333438121,34,0
sensitivity_index_dec16_onward,basket_sku_bin,missing,63,2,0.031746031746031744,0.008749527561580449,0.10856477046607432,46,0.7301587301587301,17,17,61,0.2786885245901639,0.18188543892565973,0.4017143058817016,26,0
sensitivity_index_dec16_onward,basket_sku_bin,1,964,403,0.41804979253112035,0.38729894812941484,0.4494511739489247,578,0.5995850622406639,386,378,561,0.6737967914438503,0.6339339368358771,0.7112956792888517,307,3
sensitivity_index_dec16_onward,basket_sku_bin,2,333,209,0.6276276276276276,0.5745248195307119,0.6778194147496853,257,0.7717717717717718,76,69,124,0.5564516129032258,0.4686201195166233,0.6408905206868485,122,0
sensitivity_index_dec16_onward,basket_sku_bin,3-4,275,187,0.68,0.622712245173972,0.7323282155190014,226,0.8218181818181818,49,49,88,0.5568181818181818,0.4528179063718238,0.6560653815071655,100,0
sensitivity_index_dec16_onward,basket_sku_bin,5+,211,147,0.6966824644549763,0.6315963055382677,0.7547350871808233,182,0.8625592417061612,29,27,64,0.421875,0.30869782474345486,0.5438996845991709,98,0
sensitivity_index_dec16_onward,basket_quantity_bin,missing,63,2,0.031746031746031744,0.008749527561580449,0.10856477046607432,46,0.7301587301587301,17,17,61,0.2786885245901639,0.18188543892565973,0.4017143058817016,26,0
sensitivity_index_dec16_onward,basket_quantity_bin,1,870,356,0.4091954022988506,0.3769920301801322,0.4421971391993667,523,0.6011494252873564,347,341,514,0.6634241245136187,0.62149447035827,0.7029291483735994,282,0
sensitivity_index_dec16_onward,basket_quantity_bin,2,322,197,0.6118012422360248,0.5575519638070748,0.6634143928394579,239,0.7422360248447205,83,76,125,0.608,0.5204208806005644,0.6891389943584372,121,1
sensitivity_index_dec16_onward,basket_quantity_bin,3-4,292,188,0.6438356164383562,0.5873688225005352,0.696567040765037,236,0.8082191780821918,56,56,104,0.5384615384615384,0.44299302025822307,0.6311899524823574,98,0
sensitivity_index_dec16_onward,basket_quantity_bin,5-9,185,125,0.6756756756756757,0.6052400128531741,0.738964063973609,155,0.8378378378378378,30,30,60,0.5,0.3773502424155577,0.6226497575844423,78,0
sensitivity_index_dec16_onward,basket_quantity_bin,10-19,78,52,0.6666666666666666,0.556414097126188,0.761273299636414,61,0.782051282051282,17,15,26,0.5769230769230769,0.3894861374659171,0.7445555668634343,34,2
sensitivity_index_dec16_onward,basket_quantity_bin,20+,36,28,0.7777777777777778,0.6191529705388181,0.8828366802420353,29,0.8055555555555556,7,5,8,0.625,0.30574239460262737,0.8631557141764026,14,0
sensitivity_index_dec16_onward,category_coverage,all_categories_missing,29,9,0.3103448275862069,0.17275616744483216,0.4923013423309317,12,0.41379310344827586,17,17,20,0.85,0.6395811352592431,0.9476312541037835,7,3
sensitivity_index_dec16_onward,category_coverage,categories_present,1690,895,0.5295857988165681,0.5057491042099327,0.5532882983044818,1180,0.6982248520710059,510,493,795,0.620125786163522,0.5858860000241667,0.6532102535453058,593,0
sensitivity_index_dec16_onward,category_coverage,no_valid_item,63,2,0.031746031746031744,0.008749527561580449,0.10856477046607432,46,0.7301587301587301,17,17,61,0.2786885245901639,0.18188543892565973,0.4017143058817016,26,0
sensitivity_index_dec16_onward,category_coverage,partial_categories_missing,64,42,0.65625,0.5340364020991819,0.7607685792155665,51,0.796875,13,13,22,0.5909090909090909,0.3873481847631513,0.7674418380352814,27,0
sensitivity_index_dec16_onward,local_price_quantity_bin,"(0,20]",531,173,0.3258003766478343,0.28731218386317137,0.3667909209935122,286,0.5386064030131826,245,239,358,0.6675977653631285,0.61724827268208,0.714388683434285,159,0
sensitivity_index_dec16_onward,local_price_quantity_bin,"(160,inf)",77,56,0.7272727272727273,0.6187910782504654,0.8141550920757009,61,0.7922077922077922,16,12,21,0.5714285714285714,0.3654655436930671,0.7553003107462404,30,2
sensitivity_index_dec16_onward,local_price_quantity_bin,"(20,40]",458,244,0.5327510917030568,0.48697508000089273,0.5779822758774744,320,0.6986899563318777,138,132,214,0.616822429906542,0.550170330113481,0.6793543906200279,177,1
sensitivity_index_dec16_onward,local_price_quantity_bin,"(40,80]",492,324,0.6585365853658537,0.6155515982239808,0.6990650947226504,394,0.8008130081300813,98,97,168,0.5773809523809523,0.5017741762056335,0.6495280775021249,177,0
sensitivity_index_dec16_onward,local_price_quantity_bin,"(80,160]",225,149,0.6622222222222223,0.5981614997395795,0.7208366414897082,182,0.8088888888888889,43,43,76,0.5657894736842105,0.4538575306835998,0.6713906818078296,84,0
sensitivity_index_dec16_onward,local_price_quantity_bin,missing,63,2,0.031746031746031744,0.008749527561580449,0.10856477046607432,46,0.7301587301587301,17,17,61,0.2786885245901639,0.18188543892565973,0.4017143058817016,26,0
sensitivity_index_dec16_onward,contains_apparel,0,1131,497,0.4394341290893015,0.4107621732185371,0.4685161180924203,734,0.6489832007073386,397,384,634,0.6056782334384858,0.5671103460484832,0.6429732070773244,405,3
sensitivity_index_dec16_onward,contains_apparel,1,715,451,0.6307692307692307,0.5947845287256883,0.6653562821657502,555,0.7762237762237763,160,156,264,0.5909090909090909,0.5307092346794265,0.6485012587645086,248,0
sensitivity_index_dec16_onward,contains_drinkware,0,1726,871,0.5046349942062572,0.48106355990152594,0.5281858426482938,1196,0.6929316338354577,530,516,855,0.6035087719298246,0.5703272732349526,0.6357643146618929,603,3
sensitivity_index_dec16_onward,contains_drinkware,1,120,77,0.6416666666666667,0.5527053600179013,0.7218392094967996,93,0.775,27,24,43,0.5581395348837209,0.41107614452824104,0.6956669016082949,50,0
sensitivity_index_dec16_onward,contains_bags,0,1636,834,0.5097799511002445,0.4855615595334772,0.533952522043051,1153,0.7047677261613692,483,469,802,0.5847880299251871,0.5503596299208865,0.6184080582035602,569,3
sensitivity_index_dec16_onward,contains_bags,1,210,114,0.5428571428571428,0.47531442949248526,0.6088600804424332,136,0.6476190476190476,74,71,96,0.7395833333333334,0.6437894471878516,0.8169410002970126,84,0
sensitivity_index_dec16_onward,contains_accessories,0,1558,781,0.5012836970474968,0.4764835938292134,0.5260774855795893,1078,0.6919127086007703,480,466,777,0.5997425997425997,0.5648832054796856,0.6336205986524573,553,3
sensitivity_index_dec16_onward,contains_accessories,1,288,167,0.5798611111111112,0.5221719215468812,0.6354479045939352,211,0.7326388888888888,77,74,121,0.6115702479338843,0.5225718017226483,0.6937025053469227,100,0
sensitivity_index_dec16_onward,contains_stationery_office,0,1588,797,0.5018891687657431,0.477322532305962,0.5264466872772777,1097,0.6908060453400504,491,476,791,0.6017699115044248,0.5672422984402812,0.6353138191518681,554,3
sensitivity_index_dec16_onward,contains_stationery_office,1,258,151,0.5852713178294574,0.5243325929457389,0.6437080229222422,192,0.7441860465116279,66,64,107,0.5981308411214953,0.5033945894801657,0.6860652049273694,99,0
sensitivity_index_dec16_onward,contains_lifestyle,0,1703,859,0.5044039929536113,0.4806746268467392,0.5281135355935872,1183,0.6946564885496184,520,509,844,0.6030805687203792,0.5696773399379776,0.6355497083382714,593,3
sensitivity_index_dec16_onward,contains_lifestyle,1,143,89,0.6223776223776224,0.54069935326447,0.6976529505132932,106,0.7412587412587412,37,31,54,0.5740740740740741,0.4416273382599005,0.6966817598007073,60,0
sensitivity_index_dec16_onward,pre_history_present,0,1193,561,0.4702430846605197,0.44206169526349887,0.4986154934512372,784,0.6571668063704945,409,402,632,0.6360759493670886,0.5978480843555171,0.6726595989890248,0,2
sensitivity_index_dec16_onward,pre_history_present,1,653,387,0.5926493108728943,0.5545283877225773,0.6296865371654554,505,0.7733537519142419,148,138,266,0.518796992481203,0.4589136477606637,0.5781451498151562,653,1
sensitivity_index_dec16_onward,device_category,desktop,1054,525,0.4981024667931689,0.4679789720846795,0.5282397429537165,730,0.6925996204933587,324,317,529,0.5992438563327032,0.5569128638857983,0.6401438745902019,395,1
sensitivity_index_dec16_onward,device_category,mobile,744,398,0.5349462365591398,0.49901842280697106,0.5705150316260063,523,0.7029569892473119,221,211,346,0.6098265895953757,0.5574918655701859,0.6597493963894283,241,1
sensitivity_index_dec16_onward,device_category,tablet,48,25,0.5208333333333334,0.3832923230334281,0.6552868382304838,36,0.75,12,12,23,0.5217391304347826,0.32962737336427406,0.7076284258335335,17,1
