evidence_type,exposure_scenario,eligible_users,absolute_purchase_rate_lift,incremental_purchase_users,assumed_net_contribution_per_incremental_buyer_usd,incremental_contribution_before_intervention_cost_usd,assumed_intervention_cost_per_1000_eligible_usd,net_contribution_after_intervention_cost_usd,break_even_cost_per_eligible_usd,break_even_absolute_lift_at_assumed_cost
assumption_scenario_not_estimated_effect_or_margin,all_eligible_receive_new_version_rollout_not_50_50_trial,1000,0.025,25.0,10,250.0,0,250.0,0.25,0.0
assumption_scenario_not_estimated_effect_or_margin,all_eligible_receive_new_version_rollout_not_50_50_trial,1000,0.025,25.0,10,250.0,500,-250.0,0.25,0.05
assumption_scenario_not_estimated_effect_or_margin,all_eligible_receive_new_version_rollout_not_50_50_trial,1000,0.025,25.0,10,250.0,1000,-750.0,0.25,0.1
assumption_scenario_not_estimated_effect_or_margin,all_eligible_receive_new_version_rollout_not_50_50_trial,1000,0.025,25.0,20,500.0,0,500.0,0.5,0.0
assumption_scenario_not_estimated_effect_or_margin,all_eligible_receive_new_version_rollout_not_50_50_trial,1000,0.025,25.0,20,500.0,500,0.0,0.5,0.025
assumption_scenario_not_estimated_effect_or_margin,all_eligible_receive_new_version_rollout_not_50_50_trial,1000,0.025,25.0,20,500.0,1000,-500.0,0.5,0.05
assumption_scenario_not_estimated_effect_or_margin,all_eligible_receive_new_version_rollout_not_50_50_trial,1000,0.025,25.0,30,750.0,0,750.0,0.75,0.0
assumption_scenario_not_estimated_effect_or_margin,all_eligible_receive_new_version_rollout_not_50_50_trial,1000,0.025,25.0,30,750.0,500,250.0,0.75,0.016666666666666666
assumption_scenario_not_estimated_effect_or_margin,all_eligible_receive_new_version_rollout_not_50_50_trial,1000,0.025,25.0,30,750.0,1000,-250.0,0.75,0.03333333333333333
assumption_scenario_not_estimated_effect_or_margin,all_eligible_receive_new_version_rollout_not_50_50_trial,1000,0.05,50.0,10,500.0,0,500.0,0.5,0.0
assumption_scenario_not_estimated_effect_or_margin,all_eligible_receive_new_version_rollout_not_50_50_trial,1000,0.05,50.0,10,500.0,500,0.0,0.5,0.05
assumption_scenario_not_estimated_effect_or_margin,all_eligible_receive_new_version_rollout_not_50_50_trial,1000,0.05,50.0,10,500.0,1000,-500.0,0.5,0.1
assumption_scenario_not_estimated_effect_or_margin,all_eligible_receive_new_version_rollout_not_50_50_trial,1000,0.05,50.0,20,1000.0,0,1000.0,1.0,0.0
assumption_scenario_not_estimated_effect_or_margin,all_eligible_receive_new_version_rollout_not_50_50_trial,1000,0.05,50.0,20,1000.0,500,500.0,1.0,0.025
assumption_scenario_not_estimated_effect_or_margin,all_eligible_receive_new_version_rollout_not_50_50_trial,1000,0.05,50.0,20,1000.0,1000,0.0,1.0,0.05
assumption_scenario_not_estimated_effect_or_margin,all_eligible_receive_new_version_rollout_not_50_50_trial,1000,0.05,50.0,30,1500.0,0,1500.0,1.5,0.0
assumption_scenario_not_estimated_effect_or_margin,all_eligible_receive_new_version_rollout_not_50_50_trial,1000,0.05,50.0,30,1500.0,500,1000.0,1.5,0.016666666666666666
assumption_scenario_not_estimated_effect_or_margin,all_eligible_receive_new_version_rollout_not_50_50_trial,1000,0.05,50.0,30,1500.0,1000,500.0,1.5,0.03333333333333333
assumption_scenario_not_estimated_effect_or_margin,all_eligible_receive_new_version_rollout_not_50_50_trial,1000,0.075,75.0,10,750.0,0,750.0,0.75,0.0
assumption_scenario_not_estimated_effect_or_margin,all_eligible_receive_new_version_rollout_not_50_50_trial,1000,0.075,75.0,10,750.0,500,250.0,0.75,0.05
assumption_scenario_not_estimated_effect_or_margin,all_eligible_receive_new_version_rollout_not_50_50_trial,1000,0.075,75.0,10,750.0,1000,-250.0,0.75,0.1
assumption_scenario_not_estimated_effect_or_margin,all_eligible_receive_new_version_rollout_not_50_50_trial,1000,0.075,75.0,20,1500.0,0,1500.0,1.5,0.0
assumption_scenario_not_estimated_effect_or_margin,all_eligible_receive_new_version_rollout_not_50_50_trial,1000,0.075,75.0,20,1500.0,500,1000.0,1.5,0.025
assumption_scenario_not_estimated_effect_or_margin,all_eligible_receive_new_version_rollout_not_50_50_trial,1000,0.075,75.0,20,1500.0,1000,500.0,1.5,0.05
assumption_scenario_not_estimated_effect_or_margin,all_eligible_receive_new_version_rollout_not_50_50_trial,1000,0.075,75.0,30,2250.0,0,2250.0,2.25,0.0
assumption_scenario_not_estimated_effect_or_margin,all_eligible_receive_new_version_rollout_not_50_50_trial,1000,0.075,75.0,30,2250.0,500,1750.0,2.25,0.016666666666666666
assumption_scenario_not_estimated_effect_or_margin,all_eligible_receive_new_version_rollout_not_50_50_trial,1000,0.075,75.0,30,2250.0,1000,1250.0,2.25,0.03333333333333333
