date,events_add_payment_info,events_add_shipping_info,events_add_to_cart,events_begin_checkout,events_click,events_first_visit,events_page_view,events_purchase,events_scroll,events_select_item,events_select_promotion,events_session_start,events_user_engagement,events_view_item,events_view_item_list,events_view_promotion,events_view_search_results,total_events,with_items_view_item,item_coverage_view_item,with_items_begin_checkout,item_coverage_begin_checkout,with_items_purchase,item_coverage_purchase,with_items_select_item,item_coverage_select_item,with_items_view_item_list,item_coverage_view_item_list,purchase_bad_txid,purchase_bad_txid_share,purchase_revenue_usd,revenue_per_purchase_event_usd,add_to_cart_events_per_100_view_events,begin_checkout_events_per_100_view_events,select_item_events_per_100_view_events,view_search_results_events_per_100_view_events,purchase_events_per_100_view_events,checkout_to_shipping_event_count_ratio
2020-11-01,73,127,4,127,11,1946,9767,14,3040,0,57,2594,8667,3380,8,1263,194,31272,1554,0.4597633136,0,0,14,1,0,,8,1,14,1,773,55.21428571,0.1183431953,3.75739645,0,5.73964497,0.4142011834,1
2020-11-02,138,219,0,219,29,2485,14964,49,5441,0,103,3682,13419,4935,4,2506,195,48388,2648,0.5365754813,0,0,49,1,0,,4,1,49,1,4789,97.73469388,0,4.43768997,0,3.951367781,0.9929078014,1
2020-11-03,168,233,0,233,39,3668,18665,49,6851,0,159,5285,16297,5790,4,3977,254,61672,3345,0.5777202073,0,0,49,1,0,,2,0.5,49,1,3313,67.6122449,0,4.02417962,0,4.386873921,0.8462867012,1
2020-11-04,125,218,0,218,27,2848,15799,46,5818,0,135,4281,14100,5063,4,2939,245,51866,2790,0.5510566858,0,0,46,1,0,,1,0.25,46,1,2197,47.76086957,0,4.30574758,0,4.839028244,0.9085522418,1
2020-11-05,95,195,0,195,41,2415,16249,26,5957,0,114,3795,14783,5255,2,2524,306,51952,2733,0.520076118,0,0,26,1,0,,2,1,26,1,1792,68.92307692,0,3.710751665,0,5.82302569,0.4947668887,1
2020-11-06,189,269,0,269,28,2026,15232,58,5818,0,94,3265,13986,5370,2,2128,270,49004,3036,0.5653631285,0,0,58,1,0,,0,0,58,1,3438,59.27586207,0,5.009310987,0,5.027932961,1.080074488,1
2020-11-07,89,148,0,150,19,1547,10814,31,3693,0,56,2239,9915,3953,2,1424,229,34309,1959,0.4955729825,0,0,31,1,0,,2,1,31,1,2531,81.64516129,0,3.79458639,0,5.793068556,0.7842145206,1.013513514
2020-11-08,75,132,0,132,9,1521,9598,32,3128,0,70,2133,8638,3166,5,1296,202,30137,1396,0.4409349337,0,0,32,1,0,,4,0.8,32,1,3760,117.5,0,4.1692988,0,6.380290587,1.010739103,1
2020-11-09,145,211,0,211,21,2086,14009,52,5135,0,91,3227,12780,4429,5,2018,336,44756,2319,0.5235944909,0,0,52,1,0,,5,1,52,1,2154,41.42307692,0,4.764055091,0,7.58636261,1.174079928,1
2020-11-10,207,266,0,266,37,2453,15606,64,6215,0,94,3784,14301,5222,2,2439,239,51195,2997,0.5739180391,0,0,63,0.984375,0,,1,0.5,64,1,4041,63.140625,0,5.09383378,0,4.576790502,1.225584067,1
2020-11-11,193,248,0,248,36,2446,15938,64,6260,0,105,3765,14617,5322,4,2392,303,51941,2835,0.5326944758,0,0,63,0.984375,0,,1,0.25,36,0.5625,4428,69.1875,0,4.659902292,0,5.693348365,1.20255543,1
2020-11-12,216,287,0,355,36,2274,15040,54,6019,0,83,3631,13753,4925,0,2132,361,49166,2739,0.556142132,0,0,54,1,0,,0,,1,0.01851851852,3349,62.01851852,0,7.208121827,0,7.329949239,1.096446701,1.236933798
2020-11-13,242,327,0,605,45,2153,15722,79,5968,0,87,3300,14178,5281,0,2071,300,50358,2660,0.5036924825,0,0,79,1,0,,0,,0,0,5831,73.81012658,0,11.45616361,0,5.680742284,1.495928801,1.850152905
2020-11-14,100,160,0,320,34,1622,10737,30,3653,0,74,2334,9662,3509,0,1492,312,34039,1657,0.4722143061,0,0,30,1,0,,0,,0,0,2338,77.93333333,0,9.119407239,0,8.891422058,0.8549444286,2
2020-11-15,95,162,0,324,15,1566,9913,21,3150,0,57,2190,8941,3212,1,1381,167,31195,1427,0.4442714819,0,0,21,1,0,,0,0,0,0,1483,70.61904762,0,10.0871731,0,5.199252802,0.6537982565,2
2020-11-16,235,271,85,542,45,2335,15208,69,5899,0,89,3496,13869,4836,0,2111,230,49320,2555,0.5283291977,0,0,69,1,0,,0,,0,0,5046,73.13043478,1.757650951,11.20760959,0,4.755996691,1.426799007,2
2020-11-17,290,364,535,693,31,2562,18098,98,7352,0,117,4012,16550,6077,0,2698,312,59789,3484,0.5733091986,0,0,98,1,0,,0,,0,0,6227,63.54081633,8.803686029,11.40365312,0,5.134112226,1.612637815,1.903846154
2020-11-18,216,282,621,354,43,2636,16751,68,6763,0,122,4092,15148,5338,1,2644,377,55456,3043,0.5700636943,0,0,68,1,0,,1,1,1,0.01470588235,4575,67.27941176,11.63357063,6.631697265,0,7.062570251,1.27388535,1.255319149
2020-11-19,142,207,187,335,48,2692,16677,84,6446,0,115,4154,14708,5154,0,2599,384,53932,2731,0.5298797051,0,0,84,1,0,,0,,5,0.05952380952,5752,68.47619048,3.628249903,6.499805976,0,7.450523865,1.629802095,1.618357488
2020-11-20,143,240,15,318,23,2627,17856,118,6831,0,135,4084,16266,6082,1,2725,430,57894,3370,0.554094048,0,0,118,1,0,,0,0,12,0.1016949153,8792,74.50847458,0.2466293982,5.228543242,0,7.070042749,1.940151266,1.325
2020-11-21,80,173,0,174,27,2175,13278,68,4545,0,104,3153,11667,4214,2,2013,307,41980,2094,0.4969150451,0,0,68,1,0,,2,1,2,0.02941176471,4336,63.76470588,0,4.129093498,0,7.285239677,1.613668723,1.005780347
2020-11-22,79,166,0,166,20,1887,11497,60,3780,0,98,2650,10356,3737,2,1649,299,36446,1784,0.4773882794,0,0,60,1,0,,1,0.5,2,0.03333333333,3428,57.13333333,0,4.442065828,0,8.001070377,1.605565962,1
2020-11-23,164,277,0,277,15,2640,16358,141,6379,59,87,3916,14823,5070,1,2369,268,52844,2737,0.5398422091,49,0.1768953069,141,1,59,1,0,0,3,0.02127659574,8482,60.15602837,0,5.463510848,1.163708087,5.285996055,2.781065089,1
2020-11-24,264,365,0,366,18,2742,19352,147,8173,336,120,4170,17363,6624,0,2535,396,62971,3983,0.6012983092,337,0.9207650273,147,1,336,1,0,,2,0.01360544218,10345,70.37414966,0,5.525362319,5.072463768,5.97826087,2.219202899,1.002739726
2020-11-25,284,387,297,387,13,2895,19898,108,8122,372,129,4295,17641,6700,0,2599,342,64469,3920,0.5850746269,368,0.9509043928,108,1,372,1,0,,5,0.0462962963,8121,75.19444444,4.432835821,5.776119403,5.552238806,5.104477612,1.611940299,1
2020-11-26,170,321,1047,321,11,2882,16738,57,6253,315,104,4061,14586,5114,1,2395,305,54681,2949,0.5766523269,312,0.9719626168,57,1,315,1,1,1,3,0.05263157895,4133,72.50877193,20.47321079,6.276886977,6.159561987,5.964020336,1.114587407,1
2020-11-27,213,300,1229,300,11,2810,16510,97,6246,341,110,3928,14364,5216,1,2243,335,54254,3233,0.6198236196,292,0.9733333333,97,1,341,1,0,0,4,0.0412371134,6699,69.06185567,23.56211656,5.751533742,6.537576687,6.422546012,1.859662577,1
2020-11-28,175,245,1076,245,8,2453,13590,78,4807,211,83,3346,11807,4438,1,1796,284,44643,2567,0.5784136999,234,0.9551020408,78,1,211,1,1,1,8,0.1025641026,6255,80.19230769,24.24515548,5.520504732,4.754393871,6.399278954,1.757548445,1
2020-11-29,152,201,811,246,10,2321,12999,51,4485,223,93,3207,11248,4095,0,1723,304,42169,2254,0.5504273504,238,0.9674796748,51,1,223,1,0,,2,0.03921568627,3862,75.7254902,19.8046398,6.007326007,5.445665446,7.423687424,1.245421245,1.223880597
2020-11-30,368,491,1767,950,13,3060,21041,141,8628,512,127,4516,18763,7132,2,2708,395,70614,4532,0.6354458777,950,1,141,1,512,1,0,0,5,0.03546099291,11990,85.03546099,24.775659,13.32024678,7.178911946,5.538418396,1.977005048,1.934826884
2020-12-01,270,379,1653,732,16,3303,21511,107,8629,709,132,4912,19069,6976,2,3065,339,71804,4311,0.6179759174,732,1,107,1,708,0.9985895628,1,0.5,10,0.09345794393,6258,58.48598131,23.69552752,10.49311927,10.16341743,4.859518349,1.533830275,1.931398417
2020-12-02,253,390,1464,768,21,3184,19866,82,7913,739,157,4759,17529,6441,0,2941,325,66832,3996,0.6204005589,768,1,82,1,739,1,0,,4,0.0487804878,5201,63.42682927,22.72938985,11.92361435,11.4733737,5.045800342,1.27309424,1.969230769
2020-12-03,242,392,1286,775,14,3514,21359,90,8671,756,155,5142,18787,7075,0,2997,434,71689,4076,0.5761130742,775,1,90,1,756,1,0,,3,0.03333333333,4317,47.96666667,18.17667845,10.9540636,10.68551237,6.134275618,1.272084806,1.977040816
2020-12-04,249,372,1561,733,17,3249,20703,96,8102,877,155,4678,18185,7349,1,2647,419,69393,4535,0.6170907606,733,1,96,1,877,1,1,1,3,0.03125,6458,67.27083333,21.24098517,9.974146142,11.93359641,5.70145598,1.306300177,1.970430108
2020-12-05,197,298,1063,591,8,2492,14975,87,5366,540,95,3464,13127,4952,0,2001,272,49528,2943,0.5943053312,591,1,87,1,540,1,0,,2,0.02298850575,6396,73.51724138,21.46607431,11.93457189,10.90468498,5.49273021,1.756865913,1.983221477
2020-12-06,111,219,791,434,13,2407,13065,42,4447,373,88,3303,11353,4043,0,1834,305,42828,2285,0.5651743755,434,1,42,1,373,1,0,,1,0.02380952381,2328,55.42857143,19.56467969,10.73460302,9.225822409,7.543903042,1.03883255,1.98173516
2020-12-07,264,362,1127,716,18,3742,21324,110,8321,934,159,5410,18550,6872,1,3315,407,71632,4237,0.6165599534,716,1,110,1,934,1,1,1,4,0.03636363636,8472,77.01818182,16.39988359,10.41909197,13.59138533,5.9225844,1.600698487,1.977900552
2020-12-08,355,501,1775,990,35,5483,27130,122,10407,898,191,7526,23318,7896,0,5053,519,92199,4931,0.6244934144,990,1,122,1,898,1,0,,1,0.008196721311,8695,71.2704918,22.47973658,12.53799392,11.37284701,6.572948328,1.54508612,1.976047904
2020-12-09,389,512,1787,1016,25,4411,24193,150,9451,983,163,6211,21038,7801,0,3752,433,82315,4994,0.6401743366,1016,1,150,1,983,1,0,,5,0.03333333333,10863,72.42,22.90731957,13.02397129,12.6009486,5.55057044,1.922830406,1.984375
2020-12-10,376,498,1739,983,28,4053,24060,143,9362,949,140,5759,21135,8108,1,3122,399,80855,5170,0.6376418352,983,1,143,1,949,1,1,1,6,0.04195804196,10756,75.21678322,21.44795264,12.12382832,11.70448939,4.921065614,1.763690183,1.973895582
2020-12-11,336,472,2135,933,17,3886,22212,160,8476,928,135,5476,19415,7926,1,2894,378,75780,5233,0.6602321474,933,1,160,1,928,1,1,1,5,0.03125,10400,65,26.93666414,11.77138531,11.70830179,4.769114307,2.018672723,1.976694915
2020-12-12,234,329,1381,647,13,3126,16923,106,5713,642,107,4088,14692,5674,1,2097,373,56146,3406,0.600281988,647,1,106,1,642,1,1,1,5,0.04716981132,6284,59.28301887,24.33909059,11.40289038,11.31476912,6.573845612,1.868170603,1.96656535
2020-12-13,153,217,940,423,8,2868,14322,74,4527,531,119,3666,12325,4516,0,1832,365,46886,2596,0.5748449956,423,1,74,1,531,1,0,,6,0.08108108108,4395,59.39189189,20.81488043,9.366696191,11.75819309,8.082373782,1.638618246,1.949308756
2020-12-14,246,372,1528,725,15,3695,19470,99,7471,901,120,5051,16851,6684,0,2495,359,66082,4313,0.645272292,725,1,99,1,901,1,0,,5,0.05050505051,8505,85.90909091,22.86056254,10.84679832,13.47995212,5.371035308,1.481149013,1.948924731
2020-12-15,345,416,1943,825,15,3986,20822,139,8861,1011,165,5680,18031,7348,0,2812,375,72774,5305,0.7219651606,825,1,139,1,1011,1,0,,6,0.04316546763,9738,70.05755396,26.44256941,11.22754491,13.75884594,5.103429505,1.891671203,1.983173077
2020-12-16,375,417,1710,833,23,3851,19236,143,8448,924,139,5487,16463,6432,0,2686,330,67497,4803,0.7467350746,833,1,143,1,924,1,0,,0,0,11509,80.48251748,26.5858209,12.95087065,14.36567164,5.130597015,2.223258706,1.997601918
2020-12-17,276,336,1648,745,26,3821,18136,126,7877,864,136,5283,15432,6142,0,2696,343,63887,4514,0.734939759,745,1,126,1,864,1,0,,1,0.007936507937,6745,53.53174603,26.83165093,12.12959948,14.06707913,5.584500163,2.051449039,2.217261905
2020-12-18,236,324,1629,938,19,3547,16028,107,6260,679,146,4786,13482,5374,0,2788,399,56742,4009,0.7459992557,938,1,107,1,679,1,0,,1,0.009345794393,6624,61.90654206,30.3126163,17.45441012,12.63490882,7.424637142,1.991068106,2.895061728
2020-12-19,115,177,776,526,16,2774,10728,52,3842,407,107,3558,8784,3113,0,2054,313,37342,2262,0.7266302602,526,1,52,1,407,1,0,,1,0.01923076923,2782,53.5,24.92772245,16.89688403,13.07420495,10.0546097,1.670414391,2.971751412
2020-12-20,62,127,535,375,8,2562,8552,20,3024,277,101,3247,6886,2389,0,1664,242,30071,1778,0.7442444537,375,1,20,1,277,1,0,,1,0.05,1399,69.95,22.39430724,15.69694433,11.59480954,10.12976141,0.8371703642,2.952755906
2020-12-21,112,180,841,534,23,2939,12294,53,4829,516,108,3952,10206,3542,0,2250,244,42623,2592,0.7317899492,534,1,53,1,516,1,0,,2,0.03773584906,3429,64.69811321,23.74364766,15.07622812,14.56804065,6.888763411,1.496329757,2.966666667
2020-12-22,126,183,1103,546,22,2718,12775,60,5093,626,99,3793,10713,4286,0,2113,263,44519,3048,0.7111525898,546,1,60,1,626,1,0,,3,0.05,3230,53.83333333,25.734951,12.73915072,14.60569295,6.136257583,1.399906673,2.983606557
2020-12-23,155,197,1116,589,13,2527,11356,67,4574,470,88,3409,9615,3750,0,1899,215,40040,2807,0.7485333333,589,1,67,1,470,1,0,,0,0,4418,65.94029851,29.76,15.70666667,12.53333333,5.733333333,1.786666667,2.989847716
2020-12-24,47,63,483,188,3,2241,7357,23,3081,318,92,2774,5911,2271,0,1078,209,26139,1640,0.7221488331,188,1,23,1,318,1,0,,1,0.04347826087,1192,51.82608696,21.2681638,8.278291502,14.00264201,9.202994276,1.012769705,2.984126984
2020-12-25,47,68,462,202,7,2207,5956,17,2218,197,53,2624,4716,1639,0,780,162,21355,1190,0.726052471,202,1,17,1,197,1,0,,1,0.05882352941,552,32.47058824,28.18791946,12.32458816,12.0195241,9.884075656,1.037217816,2.970588235
2020-12-26,40,48,338,143,4,2209,6291,17,2474,178,44,2651,4925,1730,0,881,148,22121,1261,0.7289017341,143,1,17,1,178,1,0,,1,0.05882352941,734,43.17647059,19.53757225,8.265895954,10.28901734,8.554913295,0.9826589595,2.979166667
2020-12-27,52,71,500,211,3,2179,6226,20,2594,200,51,2646,4981,1681,0,913,168,22496,1283,0.7632361689,211,1,20,1,200,1,0,,0,0,1161,58.05,29.74419988,12.55205235,11.89767995,9.99405116,1.189767995,2.971830986
2020-12-28,81,101,633,302,9,2577,9831,36,3758,334,68,3329,7359,2638,0,1331,189,32576,1947,0.7380591357,302,1,36,1,334,1,0,,1,0.02777777778,2097,58.25,23.9954511,11.44806672,12.6611069,7.164518575,1.364670205,2.99009901
2020-12-29,67,80,556,239,9,2647,11770,24,3731,260,60,3401,7319,2308,0,1331,173,33975,1744,0.7556325823,239,1,24,1,260,1,0,,0,0,1418,59.08333333,24.09012132,10.35528596,11.26516464,7.495667244,1.039861352,2.9875
2020-12-30,62,93,400,263,9,2514,10514,37,3225,228,67,3183,6210,1863,0,1189,205,30062,1373,0.7369833602,263,1,37,1,228,1,0,,15,0.4054054054,1604,43.35135135,21.47074611,14.11701557,12.23832528,11.00375738,1.986044015,2.827956989
2020-12-31,60,84,444,252,9,2104,8535,25,2475,160,50,2588,5021,1639,0,920,171,24537,1213,0.7400854179,252,1,25,1,160,1,0,,0,0,2595,103.8,27.08968883,15.3752288,9.762050031,10.43319097,1.525320317,3
2021-01-01,33,54,295,162,2,1916,7906,14,2113,186,63,2289,4618,1498,0,798,149,22096,1054,0.7036048064,162,1,14,1,186,1,0,,0,0,975,69.64285714,19.6929239,10.81441923,12.41655541,9.946595461,0.9345794393,3
2021-01-02,28,48,304,140,16,2298,8450,14,2279,183,65,2705,4569,1390,0,948,162,23599,966,0.6949640288,140,1,14,1,183,1,0,,1,0.07142857143,1026,73.28571429,21.8705036,10.07194245,13.16546763,11.65467626,1.007194245,2.916666667
2021-01-03,33,51,229,151,5,2255,8812,14,2529,171,61,2753,4966,1615,2,953,143,24743,1103,0.6829721362,151,1,14,1,171,1,1,0.5,1,0.07142857143,552,39.42857143,14.17956656,9.349845201,10.58823529,8.854489164,0.866873065,2.960784314
2021-01-04,50,61,396,183,3,2620,11010,16,3439,217,72,3319,6502,1983,0,1265,259,31395,1394,0.70297529,183,1,16,1,217,1,0,,0,0,834,52.125,19.96974281,9.228441755,10.94301563,13.06101866,0.8068582955,3
2021-01-05,58,88,538,260,12,3480,14850,29,4498,345,98,4411,8882,2715,0,2278,285,42827,1882,0.6931860037,260,1,29,1,345,1,0,,1,0.03448275862,1143,39.4137931,19.81583794,9.576427256,12.70718232,10.49723757,1.068139963,2.954545455
2021-01-06,93,116,656,348,13,4736,19233,31,5927,410,156,5952,11112,3144,0,3830,319,56076,2248,0.7150127226,348,1,31,1,410,1,0,,0,0,2000,64.51612903,20.86513995,11.06870229,13.04071247,10.14631043,0.9860050891,3
2021-01-07,67,127,594,373,6,3493,15375,26,4635,385,127,4608,9303,2798,0,2324,232,44473,2000,0.7147962831,373,1,26,1,385,1,0,,3,0.1153846154,1452,55.84615385,21.22944961,13.33095068,13.75982845,8.291636883,0.929235168,2.937007874
2021-01-08,81,105,498,308,11,3197,14381,34,4398,358,105,4219,8655,2660,0,1923,268,41201,1910,0.7180451128,308,1,34,1,358,1,0,,3,0.08823529412,1699,49.97058824,18.72180451,11.57894737,13.45864662,10.07518797,1.278195489,2.933333333
2021-01-09,42,58,462,173,8,2553,11035,20,3365,261,80,3241,6572,2130,1,1337,292,31630,1525,0.7159624413,173,1,20,1,261,1,0,0,1,0.05,1363,68.15,21.69014085,8.122065728,12.25352113,13.70892019,0.9389671362,2.982758621
2021-01-10,44,58,310,173,6,2394,9674,14,2839,224,72,2976,5479,1778,1,1171,216,27429,1262,0.7097862767,173,1,14,1,224,1,0,0,0,0,974,69.57142857,17.43532058,9.730033746,12.5984252,12.14848144,0.7874015748,2.982758621
2021-01-11,73,94,537,280,7,2983,13159,28,4178,293,99,3918,8057,2444,0,1753,241,38144,1721,0.7041734861,280,1,28,1,293,1,0,,1,0.03571428571,1496,53.42857143,21.97217676,11.45662848,11.98854337,9.860883797,1.145662848,2.978723404
2021-01-12,95,145,745,428,13,3491,16693,48,5327,408,133,4679,10340,3315,0,2377,261,48498,2332,0.7034690799,428,1,48,1,408,1,0,,2,0.04166666667,2547,53.0625,22.47360483,12.91101056,12.30769231,7.873303167,1.447963801,2.951724138
2021-01-13,92,134,665,398,3,3440,15653,36,5091,361,112,4478,9698,2990,0,2127,263,45541,2187,0.7314381271,398,1,36,1,361,1,0,,2,0.05555555556,1858,51.61111111,22.24080268,13.31103679,12.0735786,8.795986622,1.204013378,2.970149254
2021-01-14,124,162,684,469,8,3248,15534,54,5255,408,107,4322,9796,3268,0,1975,271,45685,2315,0.7083843329,469,1,54,1,408,1,0,,5,0.09259259259,3274,60.62962963,20.93023256,14.35128519,12.48470012,8.29253366,1.652386781,2.895061728
2021-01-15,98,133,572,383,9,2972,13841,47,4493,335,93,3894,8646,2981,0,1649,259,40405,2191,0.734988259,383,1,47,1,335,1,0,,5,0.1063829787,2071,44.06382979,19.18819188,12.84803757,11.23783965,8.688359611,1.57665213,2.879699248
2021-01-16,50,97,357,281,9,2513,10556,27,3227,274,87,3149,6241,1938,1,1233,221,30261,1408,0.7265221878,281,1,27,1,274,1,0,0,3,0.1111111111,1461,54.11111111,18.42105263,14.499484,14.13828689,11.40350877,1.393188854,2.896907216
2021-01-17,47,66,301,193,1,2375,9563,14,2923,199,77,2960,5503,1566,0,1075,201,27064,1131,0.7222222222,193,1,14,1,199,1,0,,2,0.1428571429,481,34.35714286,19.22094508,12.32439336,12.70753512,12.83524904,0.8939974457,2.924242424
2021-01-18,44,75,388,221,6,2735,11332,19,3524,209,85,3561,6686,1829,0,1440,204,32358,1324,0.7238928376,221,1,19,1,209,1,0,,1,0.05263157895,1223,64.36842105,21.21377802,12.08310552,11.42700929,11.15363587,1.038819027,2.946666667
2021-01-19,124,158,713,469,2,3057,17099,49,6583,539,102,4146,11279,3933,0,1950,271,50474,2856,0.7261632342,469,1,49,1,539,1,0,,4,0.08163265306,3756,76.65306122,18.12865497,11.92473938,13.70455123,6.890414442,1.245868294,2.96835443
2021-01-20,233,275,925,804,5,3455,21007,96,8867,667,180,4727,14510,5548,0,2390,420,64109,4039,0.7280100937,804,1,96,1,667,1,0,,12,0.125,6706,69.85416667,16.67267484,14.49170872,12.0223504,7.570295602,1.73035328,2.923636364
2021-01-21,122,174,642,519,5,3398,17677,52,6525,401,90,4640,11470,4680,0,1940,351,52686,3039,0.6493589744,519,1,52,1,401,1,0,,2,0.03846153846,4206,80.88461538,13.71794872,11.08974359,8.568376068,7.5,1.111111111,2.982758621
2021-01-22,230,309,677,906,4,2912,16803,100,6290,437,120,4034,10350,4486,0,1931,333,49922,3062,0.6825679893,906,1,100,1,437,1,0,,7,0.07,5552,55.52,15.09139545,20.19616585,9.741417744,7.42309407,2.229157379,2.932038835
2021-01-23,123,126,372,375,7,2400,11960,43,4165,318,81,3088,6754,2811,2,1477,220,34322,1910,0.679473497,375,1,43,1,318,1,0,0,2,0.04651162791,2747,63.88372093,13.23372465,13.34044824,11.31270011,7.8263963,1.529704731,2.976190476
2021-01-24,74,136,473,397,7,2278,11038,36,3632,282,62,2929,6174,2610,0,1342,232,31702,1854,0.7103448276,397,1,36,1,282,1,0,,2,0.05555555556,2408,66.88888889,18.12260536,15.21072797,10.8045977,8.888888889,1.379310345,2.919117647
2021-01-25,115,158,480,462,5,2843,14582,61,4940,378,89,3865,8334,3269,0,1827,310,41718,2175,0.6653410829,462,1,61,1,378,1,0,,8,0.131147541,3353,54.96721311,14.68338942,14.13276231,11.56316916,9.483022331,1.866014072,2.924050633
2021-01-26,132,171,506,413,11,2888,14861,55,5103,347,92,4049,8360,3012,0,2011,221,42232,2022,0.671314741,413,1,55,1,347,1,0,,33,0.6,1259,22.89090909,16.79946879,13.71181939,11.52058433,7.337317397,1.826029216,2.415204678
2021-01-27,142,223,575,524,4,3047,16989,54,6085,396,115,4271,9863,3813,0,2241,323,48665,2549,0.6685024915,524,1,54,1,396,1,0,,42,0.7777777778,457,8.462962963,15.07998951,13.74246001,10.38552321,8.471020194,1.41620771,2.349775785
2021-01-28,136,151,478,325,7,2905,15149,69,5414,401,84,4057,8506,3321,2,1915,211,43131,2234,0.6726889491,325,1,69,1,401,1,0,0,64,0.9275362319,128,1.855072464,14.39325504,9.786208973,12.0746763,6.35350798,2.077687444,2.152317881
2021-01-29,143,193,486,421,15,2733,14235,54,5061,356,86,3742,8000,3242,0,1842,268,40877,2203,0.6795188155,421,1,54,1,356,1,0,,48,0.8888888889,190,3.518518519,14.99074645,12.98581123,10.980876,8.266502159,1.665638495,2.18134715
2021-01-30,62,106,369,261,4,2131,11049,31,3422,243,84,2807,5867,2375,0,1373,211,30395,1633,0.6875789474,261,1,31,1,243,1,0,,26,0.8387096774,159,5.129032258,15.53684211,10.98947368,10.23157895,8.884210526,1.305263158,2.462264151
2021-01-31,53,100,295,234,3,2127,9498,19,2870,237,71,2760,5005,1829,0,1190,198,26489,1221,0.6675779114,234,1,19,1,237,1,0,,19,1,0,0,16.12903226,12.79387644,12.95790049,10.82558775,1.038819027,2.34
