scope,dimension,value,sessions,users,has_view,has_checkout,has_core_checkout,has_search,has_cart,has_shipping,has_payment,has_payment_after_checkout,has_raw_purchase,has_positive_any,has_positive_after_view,has_positive_after_checkout,has_positive_after_core_checkout,has_positive_after_payment,view_to_core_checkout,view_to_positive_after_view,view_to_core_positive,checkout_to_positive,checkout_to_payment,payment_to_positive,all_session_positive_rate
full_92d,device_category,desktop,208942,158917,44819,6392,6228,9008,8790,6390,3885,3884,2749,2532,2458,2532,2458,2532,0.13895892367076462,0.05484281220018296,0.05484281220018296,0.39612015018773467,0.6076345431789737,0.6519052523171988,0.012118195480085383
full_92d,device_category,mobile,143185,109195,30501,4474,4344,6345,6077,4475,2778,2777,1995,1823,1762,1823,1762,1823,0.14242155994885414,0.057768597750893415,0.057768597750893415,0.4074653553866786,0.6206973625391149,0.6564638098667627,0.012731780563606522
full_92d,device_category,tablet,8002,6250,1700,240,235,366,321,240,152,152,104,91,87,91,87,91,0.13823529411764707,0.051176470588235295,0.051176470588235295,0.37916666666666665,0.6333333333333333,0.5986842105263158,0.01137215696075981
full_92d,country,(not set),2882,2168,608,81,80,116,111,81,46,46,34,33,32,33,32,33,0.13157894736842105,0.05263157894736842,0.05263157894736842,0.4074074074074074,0.5679012345679012,0.717391304347826,0.011450381679389313
full_92d,country,Albania,99,71,19,5,4,4,4,5,2,2,1,1,1,1,1,1,0.21052631578947367,0.05263157894736842,0.05263157894736842,0.2,0.4,0.5,0.010101010101010102
full_92d,country,Algeria,220,164,60,13,13,7,17,13,10,10,4,2,2,2,2,2,0.21666666666666667,0.03333333333333333,0.03333333333333333,0.15384615384615385,0.7692307692307693,0.2,0.00909090909090909
full_92d,country,Argentina,899,710,193,30,28,44,49,30,16,16,10,9,8,9,8,9,0.14507772020725387,0.04145077720207254,0.04145077720207254,0.3,0.5333333333333333,0.5625,0.010011123470522803
full_92d,country,Armenia,88,60,27,4,4,5,2,4,3,3,1,1,1,1,1,1,0.14814814814814814,0.037037037037037035,0.037037037037037035,0.25,0.75,0.3333333333333333,0.011363636363636364
full_92d,country,Australia,3341,2453,727,103,100,131,140,103,72,72,46,43,42,43,42,43,0.1375515818431912,0.0577716643741403,0.0577716643741403,0.4174757281553398,0.6990291262135923,0.5972222222222222,0.012870398084405866
full_92d,country,Austria,964,687,237,38,37,45,44,38,33,33,21,18,18,18,18,18,0.15611814345991562,0.0759493670886076,0.0759493670886076,0.47368421052631576,0.868421052631579,0.5454545454545454,0.01867219917012448
full_92d,country,Azerbaijan,144,120,31,3,3,8,8,3,1,1,0,0,0,0,0,0,0.0967741935483871,0.0,0.0,0.0,0.3333333333333333,0.0,0.0
full_92d,country,Bahamas,81,54,16,3,3,4,3,3,1,1,1,1,1,1,1,1,0.1875,0.0625,0.0625,0.3333333333333333,0.3333333333333333,1.0,0.012345679012345678
full_92d,country,Bahrain,73,53,20,2,2,3,5,2,2,2,1,1,1,1,1,1,0.1,0.05,0.05,0.5,1.0,0.5,0.0136986301369863
full_92d,country,Bangladesh,729,540,152,24,23,29,41,24,18,18,8,8,8,8,8,8,0.1513157894736842,0.05263157894736842,0.05263157894736842,0.3333333333333333,0.75,0.4444444444444444,0.010973936899862825
full_92d,country,Belarus,155,121,33,9,8,5,8,9,2,2,1,1,0,1,0,1,0.24242424242424243,0.0,0.0,0.1111111111111111,0.2222222222222222,0.5,0.0064516129032258064
full_92d,country,Belgium,1499,1116,318,44,44,67,72,44,25,25,16,11,11,11,11,11,0.13836477987421383,0.03459119496855346,0.03459119496855346,0.25,0.5681818181818182,0.44,0.00733822548365577
full_92d,country,Bolivia,91,69,15,3,3,4,4,3,2,2,2,1,1,1,1,1,0.2,0.06666666666666667,0.06666666666666667,0.3333333333333333,0.6666666666666666,0.5,0.01098901098901099
full_92d,country,Bosnia & Herzegovina,81,60,12,2,2,2,3,2,2,2,1,1,1,1,1,1,0.16666666666666666,0.08333333333333333,0.08333333333333333,0.5,1.0,0.5,0.012345679012345678
full_92d,country,Brazil,3596,2696,721,123,120,153,152,123,73,73,55,53,51,53,51,53,0.1664355062413315,0.07073509015256588,0.07073509015256588,0.43089430894308944,0.5934959349593496,0.726027397260274,0.014738598442714126
full_92d,country,Bulgaria,399,311,92,11,11,21,15,11,8,8,5,5,5,5,5,5,0.11956521739130435,0.05434782608695652,0.05434782608695652,0.45454545454545453,0.7272727272727273,0.625,0.012531328320802004
full_92d,country,Cambodia,147,107,47,3,3,7,3,3,1,1,1,1,1,1,1,1,0.06382978723404255,0.02127659574468085,0.02127659574468085,0.3333333333333333,0.3333333333333333,1.0,0.006802721088435374
full_92d,country,Canada,26824,20268,5852,863,846,1160,1185,863,548,548,390,357,352,357,352,357,0.14456596035543404,0.06015037593984962,0.06015037593984962,0.41367323290845887,0.6349942062572422,0.6514598540145985,0.013308977035490605
full_92d,country,Chile,654,466,136,16,16,31,23,16,11,11,8,8,8,8,8,8,0.11764705882352941,0.058823529411764705,0.058823529411764705,0.5,0.6875,0.7272727272727273,0.012232415902140673
full_92d,country,China,6258,4620,1344,184,178,285,279,184,102,102,80,72,70,72,70,72,0.1324404761904762,0.052083333333333336,0.052083333333333336,0.391304347826087,0.5543478260869565,0.7058823529411765,0.011505273250239693
full_92d,country,Colombia,1701,1285,355,56,52,63,79,56,38,38,31,29,26,29,26,29,0.14647887323943662,0.07323943661971831,0.07323943661971831,0.5178571428571429,0.6785714285714286,0.7631578947368421,0.017048794826572605
full_92d,country,Costa Rica,167,140,35,8,8,4,7,8,5,5,4,4,4,4,4,4,0.22857142857142856,0.11428571428571428,0.11428571428571428,0.5,0.625,0.8,0.023952095808383235
full_92d,country,Croatia,448,326,90,18,18,22,16,18,10,10,2,2,2,2,2,2,0.2,0.022222222222222223,0.022222222222222223,0.1111111111111111,0.5555555555555556,0.2,0.004464285714285714
full_92d,country,Cyprus,123,95,23,2,2,3,7,2,2,2,2,2,2,2,2,2,0.08695652173913043,0.08695652173913043,0.08695652173913043,1.0,1.0,1.0,0.016260162601626018
full_92d,country,Czechia,944,700,188,35,34,34,49,35,25,25,15,13,12,13,12,13,0.18085106382978725,0.06382978723404255,0.06382978723404255,0.37142857142857144,0.7142857142857143,0.52,0.013771186440677966
full_92d,country,Denmark,1002,748,234,36,33,43,59,36,24,24,14,14,14,14,14,14,0.14102564102564102,0.05982905982905983,0.05982905982905983,0.3888888888888889,0.6666666666666666,0.5833333333333334,0.013972055888223553
full_92d,country,Dominican Republic,215,154,54,7,7,14,16,7,7,7,5,5,5,5,5,5,0.12962962962962962,0.09259259259259259,0.09259259259259259,0.7142857142857143,1.0,0.7142857142857143,0.023255813953488372
full_92d,country,Ecuador,308,245,70,7,7,13,11,7,7,7,5,4,4,4,4,4,0.1,0.05714285714285714,0.05714285714285714,0.5714285714285714,1.0,0.5714285714285714,0.012987012987012988
full_92d,country,Egypt,750,549,155,24,23,25,25,24,16,16,9,9,8,9,8,9,0.14838709677419354,0.05161290322580645,0.05161290322580645,0.375,0.6666666666666666,0.5625,0.012
full_92d,country,El Salvador,146,81,33,4,4,7,8,4,3,3,3,3,3,3,3,3,0.12121212121212122,0.09090909090909091,0.09090909090909091,0.75,0.75,1.0,0.02054794520547945
full_92d,country,Estonia,119,103,23,1,1,3,2,1,1,1,0,0,0,0,0,0,0.043478260869565216,0.0,0.0,0.0,1.0,0.0,0.0
full_92d,country,Finland,582,468,132,18,18,24,30,18,13,13,10,9,9,9,9,9,0.13636363636363635,0.06818181818181818,0.06818181818181818,0.5,0.7222222222222222,0.6923076923076923,0.015463917525773196
full_92d,country,France,7162,5381,1493,212,207,285,291,212,139,139,102,99,96,99,96,99,0.13864701942397856,0.06430006697923643,0.06430006697923643,0.4669811320754717,0.6556603773584906,0.7122302158273381,0.01382295448198827
full_92d,country,Georgia,158,124,29,5,5,6,4,5,5,5,5,5,5,5,5,5,0.1724137931034483,0.1724137931034483,0.1724137931034483,1.0,1.0,1.0,0.03164556962025317
full_92d,country,Germany,6393,4866,1247,187,181,253,234,187,118,118,81,75,71,75,71,75,0.14514835605453089,0.05693664795509222,0.05693664795509222,0.40106951871657753,0.6310160427807486,0.635593220338983,0.011731581417175035
full_92d,country,Ghana,74,65,17,2,2,4,4,2,1,1,0,0,0,0,0,0,0.11764705882352941,0.0,0.0,0.0,0.5,0.0,0.0
full_92d,country,Greece,1337,975,295,44,41,70,63,44,24,24,21,20,20,20,20,20,0.13898305084745763,0.06779661016949153,0.06779661016949153,0.45454545454545453,0.5454545454545454,0.8333333333333334,0.014958863126402393
full_92d,country,Guatemala,139,93,46,8,8,4,11,8,6,6,4,3,3,3,3,3,0.17391304347826086,0.06521739130434782,0.06521739130434782,0.375,0.75,0.5,0.02158273381294964
full_92d,country,Honduras,69,51,16,1,1,2,2,1,1,1,1,1,1,1,1,1,0.0625,0.0625,0.0625,1.0,1.0,1.0,0.014492753623188406
full_92d,country,Hong Kong,2208,1652,507,70,66,83,88,70,46,46,33,30,28,30,28,30,0.1301775147928994,0.055226824457593686,0.055226824457593686,0.42857142857142855,0.6571428571428571,0.6521739130434783,0.01358695652173913
full_92d,country,Hungary,535,381,121,14,14,17,23,14,10,10,4,4,4,4,4,4,0.11570247933884298,0.03305785123966942,0.03305785123966942,0.2857142857142857,0.7142857142857143,0.4,0.007476635514018692
full_92d,country,Iceland,104,83,28,4,4,4,7,4,3,3,1,0,0,0,0,0,0.14285714285714285,0.0,0.0,0.0,0.75,0.0,0.0
full_92d,country,India,33769,25367,7264,1003,975,1481,1391,1003,622,622,449,415,403,415,403,415,0.13422356828193832,0.05547907488986784,0.05547907488986784,0.4137587238285145,0.6201395812562313,0.6672025723472669,0.01228937783173917
full_92d,country,Indonesia,3244,2408,653,75,71,126,108,75,51,51,26,24,23,24,23,24,0.10872894333843798,0.03522205206738132,0.03522205206738132,0.32,0.68,0.47058823529411764,0.007398273736128237
full_92d,country,Iraq,241,172,66,7,7,12,15,7,5,5,5,3,3,3,3,3,0.10606060606060606,0.045454545454545456,0.045454545454545456,0.42857142857142855,0.7142857142857143,0.6,0.012448132780082987
full_92d,country,Ireland,2147,1584,500,65,65,88,96,65,40,40,32,31,31,31,31,31,0.13,0.062,0.062,0.47692307692307695,0.6153846153846154,0.775,0.014438751746623195
full_92d,country,Israel,1683,1262,310,44,43,64,61,44,26,26,18,17,16,17,16,17,0.13870967741935483,0.05161290322580645,0.05161290322580645,0.38636363636363635,0.5909090909090909,0.6538461538461539,0.010101010101010102
full_92d,country,Italy,4998,3750,1109,143,141,234,211,143,70,70,55,51,51,51,51,51,0.12714156898106402,0.045987376014427414,0.045987376014427414,0.35664335664335667,0.48951048951048953,0.7285714285714285,0.01020408163265306
full_92d,country,Jamaica,111,89,23,3,2,3,3,3,1,1,0,0,0,0,0,0,0.08695652173913043,0.0,0.0,0.0,0.3333333333333333,0.0,0.0
full_92d,country,Japan,4732,3547,1016,154,149,215,194,154,103,103,76,69,65,69,65,69,0.1466535433070866,0.0639763779527559,0.0639763779527559,0.44805194805194803,0.6688311688311688,0.6699029126213593,0.014581572273879967
full_92d,country,Jordan,206,156,35,2,2,4,5,2,2,2,2,2,2,2,2,2,0.05714285714285714,0.05714285714285714,0.05714285714285714,1.0,1.0,1.0,0.009708737864077669
full_92d,country,Kazakhstan,205,156,41,4,4,6,9,4,3,3,2,2,2,2,2,2,0.0975609756097561,0.04878048780487805,0.04878048780487805,0.5,0.75,0.6666666666666666,0.00975609756097561
full_92d,country,Kenya,224,168,49,7,7,7,3,7,3,3,3,3,3,3,3,3,0.14285714285714285,0.061224489795918366,0.061224489795918366,0.42857142857142855,0.42857142857142855,1.0,0.013392857142857142
full_92d,country,Kosovo,71,53,16,2,2,0,1,2,1,1,1,1,1,1,1,1,0.125,0.0625,0.0625,0.5,0.5,1.0,0.014084507042253521
full_92d,country,Kuwait,208,155,45,11,10,12,9,11,7,7,4,4,3,4,3,4,0.2222222222222222,0.06666666666666667,0.06666666666666667,0.36363636363636365,0.6363636363636364,0.5714285714285714,0.019230769230769232
full_92d,country,Latvia,153,123,25,7,7,2,3,7,4,4,2,2,2,2,2,2,0.28,0.08,0.08,0.2857142857142857,0.5714285714285714,0.5,0.013071895424836602
full_92d,country,Lebanon,139,111,19,2,2,6,1,2,2,2,2,2,2,2,2,2,0.10526315789473684,0.10526315789473684,0.10526315789473684,1.0,1.0,1.0,0.014388489208633094
full_92d,country,Lithuania,345,245,68,5,5,14,8,5,3,3,2,2,2,2,2,2,0.07352941176470588,0.029411764705882353,0.029411764705882353,0.4,0.6,0.6666666666666666,0.005797101449275362
full_92d,country,Luxembourg,75,56,21,5,5,10,10,5,3,3,1,1,1,1,1,1,0.23809523809523808,0.047619047619047616,0.047619047619047616,0.2,0.6,0.3333333333333333,0.013333333333333334
full_92d,country,Macao,88,55,14,2,2,0,3,2,2,2,2,2,2,2,2,2,0.14285714285714285,0.14285714285714285,0.14285714285714285,1.0,1.0,1.0,0.022727272727272728
full_92d,country,Malaysia,1872,1430,376,56,56,82,92,56,37,37,31,30,30,30,30,30,0.14893617021276595,0.0797872340425532,0.0797872340425532,0.5357142857142857,0.6607142857142857,0.8108108108108109,0.016025641025641024
full_92d,country,Malta,70,57,18,4,4,2,3,4,4,4,4,4,4,4,4,4,0.2222222222222222,0.2222222222222222,0.2222222222222222,1.0,1.0,1.0,0.05714285714285714
full_92d,country,Mexico,3031,2264,673,95,92,146,137,95,57,57,42,38,37,38,37,38,0.13670133729569092,0.0549777117384844,0.0549777117384844,0.4,0.6,0.6666666666666666,0.012537116463213462
full_92d,country,Mongolia,100,66,23,3,2,8,5,3,2,2,2,2,1,2,1,2,0.08695652173913043,0.043478260869565216,0.043478260869565216,0.6666666666666666,0.6666666666666666,1.0,0.02
full_92d,country,Morocco,526,370,101,13,9,20,25,13,8,8,5,5,2,5,2,5,0.0891089108910891,0.019801980198019802,0.019801980198019802,0.38461538461538464,0.6153846153846154,0.625,0.009505703422053232
full_92d,country,Myanmar (Burma),130,107,24,2,2,7,1,2,1,1,0,0,0,0,0,0,0.08333333333333333,0.0,0.0,0.0,0.5,0.0,0.0
full_92d,country,Nepal,150,113,27,5,5,7,3,5,2,2,0,0,0,0,0,0,0.18518518518518517,0.0,0.0,0.0,0.4,0.0,0.0
full_92d,country,Netherlands,4073,3042,886,135,131,179,165,135,84,84,61,54,52,54,52,54,0.14785553047404063,0.05869074492099323,0.05869074492099323,0.4,0.6222222222222222,0.6428571428571429,0.013258040756199362
full_92d,country,New Zealand,458,371,110,17,16,20,20,17,5,5,5,5,4,5,4,5,0.14545454545454545,0.03636363636363636,0.03636363636363636,0.29411764705882354,0.29411764705882354,1.0,0.010917030567685589
full_92d,country,Nigeria,512,384,104,14,14,18,15,14,10,10,7,7,7,7,7,7,0.1346153846153846,0.0673076923076923,0.0673076923076923,0.5,0.7142857142857143,0.7,0.013671875
full_92d,country,North Macedonia,162,113,28,6,6,6,6,6,4,4,3,3,3,3,3,3,0.21428571428571427,0.10714285714285714,0.10714285714285714,0.5,0.6666666666666666,0.75,0.018518518518518517
full_92d,country,Norway,558,416,113,24,24,25,31,24,7,7,2,1,1,1,1,1,0.21238938053097345,0.008849557522123894,0.008849557522123894,0.041666666666666664,0.2916666666666667,0.14285714285714285,0.0017921146953405018
full_92d,country,Oman,83,66,10,0,0,6,3,0,0,0,0,0,0,0,0,0,0.0,0.0,0.0,,,,0.0
full_92d,country,Pakistan,1578,1206,314,55,54,63,48,55,32,32,20,19,18,19,18,19,0.17197452229299362,0.05732484076433121,0.05732484076433121,0.34545454545454546,0.5818181818181818,0.59375,0.012040557667934094
full_92d,country,Palestine,147,112,34,4,4,6,7,4,3,3,2,2,2,2,2,2,0.11764705882352941,0.058823529411764705,0.058823529411764705,0.5,0.75,0.6666666666666666,0.013605442176870748
full_92d,country,Panama,97,62,26,1,1,5,6,1,1,1,1,1,1,1,1,1,0.038461538461538464,0.038461538461538464,0.038461538461538464,1.0,1.0,1.0,0.010309278350515464
full_92d,country,Paraguay,72,51,11,1,1,4,4,1,1,1,1,1,1,1,1,1,0.09090909090909091,0.09090909090909091,0.09090909090909091,1.0,1.0,1.0,0.013888888888888888
full_92d,country,Peru,1676,1195,372,58,58,68,72,58,35,35,24,21,21,21,21,21,0.15591397849462366,0.056451612903225805,0.056451612903225805,0.3620689655172414,0.603448275862069,0.6,0.012529832935560859
full_92d,country,Philippines,1745,1333,384,55,52,73,70,55,40,40,24,22,21,22,21,22,0.13541666666666666,0.0546875,0.0546875,0.4,0.7272727272727273,0.55,0.012607449856733524
full_92d,country,Poland,3142,2368,655,113,110,129,142,113,73,73,50,39,37,39,37,39,0.16793893129770993,0.05648854961832061,0.05648854961832061,0.34513274336283184,0.6460176991150443,0.5342465753424658,0.012412476129853597
full_92d,country,Portugal,1555,1165,297,39,38,58,54,39,26,25,19,19,19,19,19,19,0.12794612794612795,0.06397306397306397,0.06397306397306397,0.48717948717948717,0.6410256410256411,0.76,0.012218649517684888
full_92d,country,Puerto Rico,252,175,42,9,9,9,11,9,4,4,4,4,4,4,4,4,0.21428571428571427,0.09523809523809523,0.09523809523809523,0.4444444444444444,0.4444444444444444,1.0,0.015873015873015872
full_92d,country,Qatar,147,101,35,6,6,5,8,6,3,3,1,1,1,1,1,1,0.17142857142857143,0.02857142857142857,0.02857142857142857,0.16666666666666666,0.5,0.3333333333333333,0.006802721088435374
full_92d,country,Romania,917,723,196,19,19,30,31,19,9,9,6,5,5,5,5,5,0.09693877551020408,0.025510204081632654,0.025510204081632654,0.2631578947368421,0.47368421052631576,0.5555555555555556,0.0054525627044711015
full_92d,country,Russia,2336,1758,539,71,69,97,93,71,51,51,40,35,35,35,35,35,0.1280148423005566,0.06493506493506493,0.06493506493506493,0.49295774647887325,0.7183098591549296,0.6862745098039216,0.014982876712328766
full_92d,country,Saudi Arabia,771,575,158,21,21,32,31,21,12,12,9,8,8,8,8,8,0.13291139240506328,0.05063291139240506,0.05063291139240506,0.38095238095238093,0.5714285714285714,0.6666666666666666,0.010376134889753566
full_92d,country,Serbia,287,216,64,12,12,15,11,12,9,9,4,4,4,4,4,4,0.1875,0.0625,0.0625,0.3333333333333333,0.75,0.4444444444444444,0.013937282229965157
full_92d,country,Singapore,4741,3597,1043,146,145,196,194,146,84,84,55,49,49,49,49,49,0.13902205177372962,0.04697986577181208,0.04697986577181208,0.3356164383561644,0.5753424657534246,0.5833333333333334,0.0103353722843282
full_92d,country,Slovakia,454,362,83,9,7,18,11,9,6,6,6,5,3,5,3,5,0.08433734939759036,0.03614457831325301,0.03614457831325301,0.5555555555555556,0.6666666666666666,0.8333333333333334,0.011013215859030838
full_92d,country,Slovenia,283,224,61,12,12,12,14,12,11,11,9,9,9,9,9,9,0.19672131147540983,0.14754098360655737,0.14754098360655737,0.75,0.9166666666666666,0.8181818181818182,0.03180212014134275
full_92d,country,South Africa,616,467,123,15,14,29,21,15,8,8,4,2,2,2,2,2,0.11382113821138211,0.016260162601626018,0.016260162601626018,0.13333333333333333,0.5333333333333333,0.25,0.003246753246753247
full_92d,country,South Korea,4523,3424,918,132,125,200,184,132,72,72,52,45,43,45,43,45,0.13616557734204793,0.046840958605664486,0.046840958605664486,0.3409090909090909,0.5454545454545454,0.625,0.009949148795047534
full_92d,country,Spain,6667,5044,1388,230,228,294,282,230,136,136,99,93,92,93,92,93,0.1642651296829971,0.06628242074927954,0.06628242074927954,0.4043478260869565,0.591304347826087,0.6838235294117647,0.013949302534873257
full_92d,country,Sri Lanka,618,475,139,23,21,23,38,23,13,13,9,7,7,7,7,7,0.1510791366906475,0.050359712230215826,0.050359712230215826,0.30434782608695654,0.5652173913043478,0.5384615384615384,0.011326860841423949
full_92d,country,Sweden,1966,1490,435,64,61,87,83,64,40,40,23,21,21,21,21,21,0.14022988505747128,0.04827586206896552,0.04827586206896552,0.328125,0.625,0.525,0.010681586978636826
full_92d,country,Switzerland,1918,1428,404,51,51,81,77,51,31,31,19,17,17,17,17,17,0.12623762376237624,0.04207920792079208,0.04207920792079208,0.3333333333333333,0.6078431372549019,0.5483870967741935,0.008863399374348279
full_92d,country,Taiwan,6057,4568,1309,183,179,272,259,183,122,122,80,73,71,73,71,73,0.13674560733384264,0.054239877769289534,0.054239877769289534,0.3989071038251366,0.6666666666666666,0.5983606557377049,0.012052171041769854
full_92d,country,Thailand,1586,1191,328,52,50,72,58,52,33,33,27,26,24,26,24,26,0.1524390243902439,0.07317073170731707,0.07317073170731707,0.5,0.6346153846153846,0.7878787878787878,0.01639344262295082
full_92d,country,Trinidad & Tobago,71,55,10,1,1,3,1,1,1,1,0,0,0,0,0,0,0.1,0.0,0.0,0.0,1.0,0.0,0.0
full_92d,country,Tunisia,183,143,44,10,9,7,10,10,5,5,4,3,3,3,3,3,0.20454545454545456,0.06818181818181818,0.06818181818181818,0.3,0.5,0.6,0.01639344262295082
full_92d,country,Turkey,3646,2733,766,114,110,177,143,114,71,71,54,54,52,54,52,54,0.14360313315926893,0.06788511749347259,0.06788511749347259,0.47368421052631576,0.6228070175438597,0.7605633802816901,0.014810751508502468
full_92d,country,Ukraine,1323,990,259,37,36,55,61,37,19,19,11,11,10,11,10,11,0.138996138996139,0.03861003861003861,0.03861003861003861,0.2972972972972973,0.5135135135135135,0.5789473684210527,0.008314436885865457
full_92d,country,United Arab Emirates,1145,844,225,29,29,53,33,29,18,18,12,10,10,10,10,10,0.1288888888888889,0.044444444444444446,0.044444444444444446,0.3448275862068966,0.6206896551724138,0.5555555555555556,0.008733624454148471
full_92d,country,United Kingdom,11327,8527,2400,332,322,493,468,332,196,196,151,141,136,141,136,141,0.13416666666666666,0.056666666666666664,0.056666666666666664,0.4246987951807229,0.5903614457831325,0.7193877551020408,0.012448132780082987
full_92d,country,United States,158155,118493,33921,4898,4767,7035,6746,4897,2959,2958,2117,1932,1868,1932,1868,1932,0.14053241354912885,0.055069131216650455,0.055069131216650455,0.3944467129440588,0.6039199673336055,0.6531440162271805,0.012215864183870254
full_92d,country,Uruguay,175,104,45,12,12,6,15,12,10,10,6,6,6,6,6,6,0.26666666666666666,0.13333333333333333,0.13333333333333333,0.5,0.8333333333333334,0.6,0.03428571428571429
full_92d,country,Venezuela,144,92,22,4,4,5,3,4,1,1,1,1,1,1,1,1,0.18181818181818182,0.045454545454545456,0.045454545454545456,0.25,0.25,1.0,0.006944444444444444
full_92d,country,Vietnam,1537,1128,352,46,46,83,58,46,29,29,22,22,22,22,22,22,0.13068181818181818,0.0625,0.0625,0.4782608695652174,0.6304347826086957,0.7586206896551724,0.014313597918022121
full_92d,first_user_source,(data deleted),22236,17951,5657,1185,1129,904,1450,1185,956,956,698,633,603,633,603,633,0.1995757468622945,0.10659360084850628,0.10659360084850628,0.5341772151898734,0.8067510548523207,0.6621338912133892,0.028467350242849434
full_92d,first_user_source,(direct),83459,75951,17678,2515,2467,3668,3512,2514,1500,1498,1079,968,949,968,949,968,0.13955198551872383,0.053682543274126034,0.053682543274126034,0.3848906560636183,0.5956262425447316,0.6461949265687583,0.01159850944775279
full_92d,first_user_source,<Other>,97289,90751,20221,2714,2652,4172,3858,2714,1544,1544,1083,1004,975,1004,975,1004,0.13115078383858364,0.04821719994065576,0.04821719994065576,0.369933677229182,0.5689019896831246,0.6502590673575129,0.010319768935850918
full_92d,first_user_source,google,128296,117476,26830,3557,3475,5698,4905,3556,2019,2019,1403,1303,1264,1303,1264,1303,0.12951919493104733,0.04711144241520686,0.04711144241520686,0.36631993252741074,0.5676131571549058,0.6453689945517583,0.010156201284529525
full_92d,first_user_source,shop.googlemerchandisestore.com,28849,26065,6634,1135,1084,1277,1463,1136,796,796,585,538,516,538,516,538,0.16340066324992464,0.07778112752487187,0.07778112752487187,0.47400881057268723,0.7013215859030837,0.6758793969849246,0.018648826649103955
full_92d,week,2020-10-26,2625,2365,537,95,94,109,1,95,29,29,13,13,13,13,13,13,0.1750465549348231,0.024208566108007448,0.024208566108007448,0.1368421052631579,0.30526315789473685,0.4482758620689655,0.004952380952380952
full_92d,week,2020-11-02,24991,19628,5527,884,869,996,0,883,387,386,249,249,244,249,244,249,0.1572281527049032,0.04414691514383933,0.04414691514383933,0.2816742081447964,0.43665158371040724,0.6450777202072538,0.009963586891280862
full_92d,week,2020-11-09,22508,17533,5566,1042,1030,1099,0,1042,526,526,341,339,332,339,332,339,0.18505210204814948,0.05964786201940352,0.05964786201940352,0.3253358925143954,0.5047984644913628,0.6444866920152091,0.015061311533676914
full_92d,week,2020-11-16,25914,19968,6622,1046,1038,1249,531,1046,562,562,374,352,348,352,348,352,0.15675022651766837,0.05255209906372697,0.05255209906372697,0.3365200764818356,0.5372848948374761,0.6263345195729537,0.013583391217102725
full_92d,week,2020-11-23,27780,22126,6503,1278,1257,1306,1243,1277,719,719,515,489,479,489,479,489,0.1932954021220975,0.07365831154851607,0.07365831154851607,0.3826291079812207,0.5625978090766823,0.6801112656467315,0.017602591792656587
full_92d,week,2020-11-30,31088,24534,7782,1419,1377,1428,2619,1419,827,827,590,563,544,563,544,563,0.176946800308404,0.06990490876381393,0.06990490876381393,0.3967582804792107,0.5828047921071177,0.6807738814993954,0.018109881626351004
full_92d,week,2020-12-07,38729,31498,8221,1582,1528,1687,2716,1582,1011,1010,772,742,712,742,712,742,0.18586546648826177,0.08660746867777643,0.08660746867777643,0.4690265486725664,0.638432364096081,0.7346534653465346,0.01915876991401792
full_92d,week,2020-12-14,33411,27421,7079,1015,974,1450,2093,1016,751,751,549,534,513,534,513,534,0.1375900550925272,0.07246786269247069,0.07246786269247069,0.5261083743842364,0.7399014778325124,0.711051930758988,0.01598276016880668
full_92d,week,2020-12-21,22083,19137,4115,416,407,946,985,416,308,308,233,226,220,226,220,226,0.09890643985419198,0.053462940461725394,0.053462940461725394,0.5432692307692307,0.7403846153846154,0.7337662337662337,0.010234116741384776
full_92d,week,2020-12-28,20444,17948,3111,261,249,804,655,261,191,191,138,133,129,133,129,133,0.08003857280617165,0.041465766634522665,0.041465766634522665,0.5095785440613027,0.7318007662835249,0.6963350785340314,0.006505576208178439
full_92d,week,2021-01-04,29029,24710,4436,345,330,1195,960,345,229,229,162,154,150,154,150,154,0.07439134355275022,0.03381424706943192,0.03381424706943192,0.4463768115942029,0.663768115942029,0.6724890829694323,0.005305039787798408
full_92d,week,2021-01-11,27707,23375,4850,459,449,1177,1089,459,330,330,227,208,203,208,203,208,0.09257731958762887,0.04185567010309278,0.04185567010309278,0.4531590413943355,0.7189542483660131,0.6303030303030303,0.007507128162558198
full_92d,week,2021-01-18,27478,22647,6484,684,655,1210,1208,684,518,518,375,347,330,347,330,347,0.10101789019123998,0.050894509561998764,0.050894509561998764,0.5073099415204678,0.7573099415204678,0.6698841698841699,0.01262828444573841
full_92d,week,2021-01-25,26342,21590,6187,580,550,1063,1088,580,427,427,310,97,90,97,90,97,0.08889607240989171,0.014546630030709553,0.014546630030709553,0.16724137931034483,0.7362068965517241,0.22716627634660422,0.003682332396932655
full_92d,prior_observed_session,False,270154,270154,55414,6529,6464,12395,9276,6529,3067,3066,2090,1945,1924,1945,1924,1945,0.116649222218212,0.034720467751831664,0.034720467751831664,0.2979016694746516,0.4695971818042579,0.6343770384866275,0.007199597266744153
full_92d,prior_observed_session,True,89975,47364,21606,4577,4343,3324,5912,4576,3748,3747,2758,2501,2383,2501,2383,2501,0.20100897898731834,0.11029343700823845,0.11029343700823845,0.5464277911295609,0.8186585099410094,0.6674673071790765,0.027796610169491524
full_92d,has_search,False,344410,260044,69096,8662,8369,0,12827,8662,5892,5890,4197,3847,3711,3847,3711,3847,0.1211213384276948,0.053707884682181316,0.053707884682181316,0.44412375894712536,0.6799815285153544,0.6531409168081495,0.011169826660085364
full_92d,has_search,True,15719,14449,7924,2444,2438,15719,2361,2443,923,923,651,599,596,599,596,599,0.3076728924785462,0.07521453811206462,0.07521453811206462,0.24509001636661212,0.3776595744680851,0.6489707475622969,0.03810674979324385
full_92d,device_week,desktop|2020-10-26,1528,1373,303,58,57,63,0,58,22,22,9,9,9,9,9,9,0.18811881188118812,0.0297029702970297,0.0297029702970297,0.15517241379310345,0.3793103448275862,0.4090909090909091,0.0058900523560209425
full_92d,device_week,desktop|2020-11-02,14423,11370,3156,514,506,545,0,513,219,219,145,145,143,145,143,145,0.1603295310519645,0.04531051964512041,0.04531051964512041,0.2821011673151751,0.4260700389105058,0.6621004566210046,0.010053386951397075
full_92d,device_week,desktop|2020-11-09,13066,10118,3235,609,599,655,0,609,310,310,200,200,194,200,194,200,0.18516228748068006,0.059969088098918086,0.059969088098918086,0.3284072249589491,0.5090311986863711,0.6451612903225806,0.015306903413439462
full_92d,device_week,desktop|2020-11-16,15063,11616,3836,568,562,701,299,568,307,307,202,191,189,191,189,191,0.1465067778936392,0.04927007299270073,0.04927007299270073,0.3362676056338028,0.5404929577464789,0.6221498371335505,0.012680077009891788
full_92d,device_week,desktop|2020-11-23,16047,12821,3781,742,734,771,732,741,389,389,284,275,270,275,270,275,0.1941285374239619,0.07140967997884158,0.07140967997884158,0.3706199460916442,0.5242587601078167,0.7069408740359897,0.017137159593693524
full_92d,device_week,desktop|2020-11-30,18091,14356,4550,831,810,850,1517,831,486,486,341,325,317,325,317,325,0.17802197802197803,0.06967032967032967,0.06967032967032967,0.3910950661853189,0.5848375451263538,0.668724279835391,0.017964733845558564
full_92d,device_week,desktop|2020-12-07,22676,18427,4902,935,902,977,1595,935,602,601,465,448,429,448,429,448,0.18400652794777642,0.08751529987760098,0.08751529987760098,0.47914438502673795,0.6427807486631016,0.7454242928452579,0.019756570823778446
full_92d,device_week,desktop|2020-12-14,19383,15968,4128,573,549,837,1184,573,428,428,310,299,287,299,287,299,0.13299418604651161,0.06952519379844961,0.06952519379844961,0.5218150087260035,0.7469458987783595,0.6985981308411215,0.015425888665325285
full_92d,device_week,desktop|2020-12-21,12688,11089,2367,215,210,492,555,215,156,156,119,114,112,114,112,114,0.08871989860583017,0.04731727925644275,0.04731727925644275,0.5302325581395348,0.7255813953488373,0.7307692307692307,0.008984867591424969
full_92d,device_week,desktop|2020-12-28,11996,10557,1802,156,152,463,373,156,110,110,75,75,74,75,74,75,0.08435072142064373,0.041065482796892344,0.041065482796892344,0.4807692307692308,0.7051282051282052,0.6818181818181818,0.006252084028009337
full_92d,device_week,desktop|2021-01-04,16734,14287,2600,209,201,687,570,209,134,134,98,93,90,93,90,93,0.07730769230769231,0.03461538461538462,0.03461538461538462,0.4449760765550239,0.6411483253588517,0.6940298507462687,0.005557547508067408
full_92d,device_week,desktop|2021-01-11,15910,13376,2790,268,263,665,632,268,193,193,129,114,111,114,111,114,0.09426523297491039,0.03978494623655914,0.03978494623655914,0.4253731343283582,0.7201492537313433,0.5906735751295337,0.007165304839723444
full_92d,device_week,desktop|2021-01-18,15991,13246,3779,399,386,678,708,399,303,303,215,195,188,195,188,195,0.10214342418629267,0.04974861074358296,0.04974861074358296,0.48872180451127817,0.7593984962406015,0.6435643564356436,0.012194359327121505
full_92d,device_week,desktop|2021-01-25,15346,12601,3590,315,297,624,625,315,226,226,157,49,45,49,45,49,0.08272980501392757,0.012534818941504178,0.012534818941504178,0.15555555555555556,0.7174603174603175,0.2168141592920354,0.003193014466310439
full_92d,device_week,mobile|2020-10-26,1047,945,222,37,37,44,1,37,7,7,4,4,4,4,4,4,0.16666666666666666,0.018018018018018018,0.018018018018018018,0.10810810810810811,0.1891891891891892,0.5714285714285714,0.0038204393505253103
full_92d,device_week,mobile|2020-11-02,10011,7818,2235,348,341,430,0,348,157,156,96,96,93,96,93,96,0.15257270693512304,0.04161073825503356,0.04161073825503356,0.27586206896551724,0.4482758620689655,0.6153846153846154,0.00958945160323644
full_92d,device_week,mobile|2020-11-09,8935,7012,2220,420,418,419,0,420,211,211,139,137,136,137,136,137,0.18828828828828828,0.06126126126126126,0.06126126126126126,0.3261904761904762,0.5023809523809524,0.6492890995260664,0.015332960268606604
full_92d,device_week,mobile|2020-11-16,10284,8003,2650,455,453,520,223,455,245,245,167,156,154,156,154,156,0.1709433962264151,0.05811320754716981,0.05811320754716981,0.34285714285714286,0.5384615384615384,0.636734693877551,0.015169194865810968
full_92d,device_week,mobile|2020-11-23,11140,8855,2564,499,487,505,478,499,304,304,215,200,196,200,196,200,0.18993759750390016,0.07644305772230889,0.07644305772230889,0.40080160320641284,0.6092184368737475,0.6578947368421053,0.017953321364452424
full_92d,device_week,mobile|2020-11-30,12297,9649,3060,561,540,547,1042,561,324,324,235,225,214,225,214,225,0.17647058823529413,0.06993464052287582,0.06993464052287582,0.40106951871657753,0.5775401069518716,0.6944444444444444,0.018297145645279338
full_92d,device_week,mobile|2020-12-07,15202,12473,3181,618,598,677,1072,618,390,390,295,283,272,283,272,283,0.18799119773656084,0.08550770198050928,0.08550770198050928,0.45792880258899676,0.6310679611650486,0.7256410256410256,0.018615971582686488
full_92d,device_week,mobile|2020-12-14,13312,10884,2823,423,407,595,869,424,314,314,233,229,221,229,221,229,0.14417286574566066,0.07828551186680836,0.07828551186680836,0.541371158392435,0.7423167848699763,0.7292993630573248,0.01720252403846154
full_92d,device_week,mobile|2020-12-21,8904,7756,1650,187,184,439,410,187,141,141,106,104,101,104,101,104,0.11151515151515151,0.06121212121212121,0.06121212121212121,0.5561497326203209,0.7540106951871658,0.7375886524822695,0.011680143755615454
full_92d,device_week,mobile|2020-12-28,7959,6970,1226,98,91,313,265,98,74,74,57,52,50,52,50,52,0.07422512234910278,0.040783034257748776,0.040783034257748776,0.5306122448979592,0.7551020408163265,0.7027027027027027,0.006533484106043473
full_92d,device_week,mobile|2021-01-04,11621,9861,1714,126,119,474,367,126,87,87,61,59,58,59,58,59,0.06942823803967328,0.0338389731621937,0.0338389731621937,0.46825396825396826,0.6904761904761905,0.6781609195402298,0.005077015747353929
full_92d,device_week,mobile|2021-01-11,11178,9508,1945,183,178,473,437,183,131,131,93,89,87,89,87,89,0.09151670951156812,0.04473007712082262,0.04473007712082262,0.48633879781420764,0.7158469945355191,0.6793893129770993,0.007962068348541778
full_92d,device_week,mobile|2021-01-18,10887,8954,2557,271,255,495,473,271,204,204,151,143,133,143,133,143,0.09972624168947986,0.05201407899882675,0.05201407899882675,0.5276752767527675,0.7527675276752768,0.7009803921568627,0.013134931569762101
full_92d,device_week,mobile|2021-01-25,10408,8586,2454,248,236,414,440,248,189,189,143,46,43,46,43,46,0.09616951915240424,0.01752241238793806,0.01752241238793806,0.18548387096774194,0.7620967741935484,0.24338624338624337,0.004419677171406611
full_92d,device_week,tablet|2020-10-26,50,47,12,0,0,2,0,0,0,0,0,0,0,0,0,0,0.0,0.0,0.0,,,,0.0
full_92d,device_week,tablet|2020-11-02,557,448,136,22,22,21,0,22,11,11,8,8,8,8,8,8,0.16176470588235295,0.058823529411764705,0.058823529411764705,0.36363636363636365,0.5,0.7272727272727273,0.01436265709156194
full_92d,device_week,tablet|2020-11-09,507,409,111,13,13,25,0,13,5,5,2,2,2,2,2,2,0.11711711711711711,0.018018018018018018,0.018018018018018018,0.15384615384615385,0.38461538461538464,0.4,0.0039447731755424065
full_92d,device_week,tablet|2020-11-16,567,434,136,23,23,28,9,23,10,10,5,5,5,5,5,5,0.16911764705882354,0.03676470588235294,0.03676470588235294,0.21739130434782608,0.43478260869565216,0.5,0.008818342151675485
full_92d,device_week,tablet|2020-11-23,593,484,158,37,36,30,33,37,26,26,16,14,13,14,13,14,0.22784810126582278,0.08227848101265822,0.08227848101265822,0.3783783783783784,0.7027027027027027,0.5384615384615384,0.023608768971332208
full_92d,device_week,tablet|2020-11-30,700,570,172,27,27,31,60,27,17,17,14,13,13,13,13,13,0.1569767441860465,0.0755813953488372,0.0755813953488372,0.48148148148148145,0.6296296296296297,0.7647058823529411,0.018571428571428572
full_92d,device_week,tablet|2020-12-07,851,688,138,29,28,33,49,29,19,19,12,11,11,11,11,11,0.2028985507246377,0.07971014492753623,0.07971014492753623,0.3793103448275862,0.6551724137931034,0.5789473684210527,0.012925969447708578
full_92d,device_week,tablet|2020-12-14,716,591,128,19,18,18,40,19,9,9,6,6,5,6,5,6,0.140625,0.0390625,0.0390625,0.3157894736842105,0.47368421052631576,0.6666666666666666,0.008379888268156424
full_92d,device_week,tablet|2020-12-21,491,437,98,14,13,15,20,14,11,11,8,8,7,8,7,8,0.1326530612244898,0.07142857142857142,0.07142857142857142,0.5714285714285714,0.7857142857142857,0.7272727272727273,0.016293279022403257
full_92d,device_week,tablet|2020-12-28,489,426,83,7,6,28,17,7,7,7,6,6,5,6,5,6,0.07228915662650602,0.060240963855421686,0.060240963855421686,0.8571428571428571,1.0,0.8571428571428571,0.012269938650306749
full_92d,device_week,tablet|2021-01-04,674,569,122,10,10,34,23,10,8,8,3,2,2,2,2,2,0.08196721311475409,0.01639344262295082,0.01639344262295082,0.2,0.8,0.25,0.002967359050445104
full_92d,device_week,tablet|2021-01-11,619,518,115,8,8,39,20,8,6,6,5,5,5,5,5,5,0.06956521739130435,0.043478260869565216,0.043478260869565216,0.625,0.75,0.8333333333333334,0.008077544426494346
full_92d,device_week,tablet|2021-01-18,600,500,148,14,14,37,27,14,11,11,9,9,9,9,9,9,0.0945945945945946,0.060810810810810814,0.060810810810810814,0.6428571428571429,0.7857142857142857,0.8181818181818182,0.015
full_92d,device_week,tablet|2021-01-25,588,500,143,17,17,25,23,17,12,12,10,2,2,2,2,2,0.11888111888111888,0.013986013986013986,0.013986013986013986,0.11764705882352941,0.7058823529411765,0.16666666666666666,0.003401360544217687
stable_57d,device_category,desktop,135748,107095,27463,3633,3517,5749,7219,3633,2450,2449,1784,1690,1633,1690,1633,1690,0.12806321232203327,0.059461821359647525,0.059461821359647525,0.4651802917698871,0.6740985411505642,0.690077582686811,0.012449538851401126
stable_57d,device_category,mobile,92898,73464,18538,2501,2405,4079,4994,2502,1693,1693,1255,1204,1155,1204,1155,1204,0.1297335203366059,0.062304455712590356,0.062304455712590356,0.4814074370251899,0.6769292283086765,0.7111636148848198,0.0129604512476049
stable_57d,device_category,tablet,5229,4205,1021,131,127,241,260,131,90,90,65,62,59,62,59,62,0.12438785504407443,0.05778648383937316,0.05778648383937316,0.4732824427480916,0.6870229007633588,0.6888888888888889,0.01185695161598776
stable_57d,country,(not set),1886,1491,383,45,45,80,91,45,31,31,20,19,19,19,19,19,0.1174934725848564,0.04960835509138381,0.04960835509138381,0.4222222222222222,0.6888888888888889,0.6129032258064516,0.01007423117709438
stable_57d,country,Albania,63,46,11,2,1,2,2,2,1,1,1,1,1,1,1,1,0.09090909090909091,0.09090909090909091,0.09090909090909091,0.5,0.5,1.0,0.015873015873015872
stable_57d,country,Algeria,152,114,41,9,9,5,15,9,7,7,2,1,1,1,1,1,0.21951219512195122,0.024390243902439025,0.024390243902439025,0.1111111111111111,0.7777777777777778,0.14285714285714285,0.006578947368421052
stable_57d,country,Argentina,569,466,119,20,19,26,42,20,10,10,7,7,6,7,6,7,0.15966386554621848,0.05042016806722689,0.05042016806722689,0.35,0.5,0.7,0.012302284710017574
stable_57d,country,Armenia,65,41,20,3,3,4,2,3,3,3,1,1,1,1,1,1,0.15,0.05,0.05,0.3333333333333333,1.0,0.3333333333333333,0.015384615384615385
stable_57d,country,Australia,2120,1623,436,66,64,81,116,66,52,52,33,31,30,31,30,31,0.14678899082568808,0.06880733944954129,0.06880733944954129,0.4696969696969697,0.7878787878787878,0.5961538461538461,0.014622641509433962
stable_57d,country,Austria,628,455,146,18,17,23,34,18,17,17,12,11,11,11,11,11,0.11643835616438356,0.07534246575342465,0.07534246575342465,0.6111111111111112,0.9444444444444444,0.6470588235294118,0.01751592356687898
stable_57d,country,Azerbaijan,91,84,18,1,1,6,6,1,0,0,0,0,0,0,0,0,0.05555555555555555,0.0,0.0,0.0,0.0,,0.0
stable_57d,country,Bahamas,62,44,10,2,2,2,2,2,0,0,0,0,0,0,0,0,0.2,0.0,0.0,0.0,0.0,,0.0
stable_57d,country,Bahrain,55,43,12,0,0,2,5,0,0,0,0,0,0,0,0,0,0.0,0.0,0.0,,,,0.0
stable_57d,country,Bangladesh,466,371,93,13,12,17,33,13,11,11,6,6,6,6,6,6,0.12903225806451613,0.06451612903225806,0.06451612903225806,0.46153846153846156,0.8461538461538461,0.5454545454545454,0.012875536480686695
stable_57d,country,Belarus,107,81,22,7,6,2,8,7,2,2,1,1,0,1,0,1,0.2727272727272727,0.0,0.0,0.14285714285714285,0.2857142857142857,0.5,0.009345794392523364
stable_57d,country,Belgium,971,764,195,23,23,46,53,23,10,10,6,4,4,4,4,4,0.11794871794871795,0.020512820512820513,0.020512820512820513,0.17391304347826086,0.43478260869565216,0.4,0.004119464469618949
stable_57d,country,Bolivia,60,45,7,2,2,3,2,2,1,1,1,1,1,1,1,1,0.2857142857142857,0.14285714285714285,0.14285714285714285,0.5,0.5,1.0,0.016666666666666666
stable_57d,country,Bosnia & Herzegovina,55,40,9,2,2,1,3,2,2,2,1,1,1,1,1,1,0.2222222222222222,0.1111111111111111,0.1111111111111111,0.5,1.0,0.5,0.01818181818181818
stable_57d,country,Brazil,2378,1859,441,64,62,96,120,64,42,42,36,35,34,35,34,35,0.14058956916099774,0.07709750566893424,0.07709750566893424,0.546875,0.65625,0.8333333333333334,0.01471825063078217
stable_57d,country,Bulgaria,256,207,59,7,7,14,15,7,5,5,3,3,3,3,3,3,0.11864406779661017,0.05084745762711865,0.05084745762711865,0.42857142857142855,0.7142857142857143,0.6,0.01171875
stable_57d,country,Cambodia,95,72,25,2,2,4,3,2,0,0,0,0,0,0,0,0,0.08,0.0,0.0,0.0,0.0,,0.0
stable_57d,country,Canada,17546,13805,3591,508,496,763,989,508,346,346,249,238,234,238,234,238,0.13812308549150654,0.06516290726817042,0.06516290726817042,0.468503937007874,0.6811023622047244,0.6878612716763006,0.013564345149891714
stable_57d,country,Chile,387,302,72,9,9,17,18,9,8,8,6,6,6,6,6,6,0.125,0.08333333333333333,0.08333333333333333,0.6666666666666666,0.8888888888888888,0.75,0.015503875968992248
stable_57d,country,China,4149,3153,853,107,104,190,231,107,64,64,54,51,49,51,49,51,0.12192262602579132,0.05744431418522861,0.05744431418522861,0.4766355140186916,0.5981308411214953,0.796875,0.012292118582791034
stable_57d,country,Colombia,1123,892,213,38,34,41,60,38,27,27,21,21,18,21,18,21,0.1596244131455399,0.08450704225352113,0.08450704225352113,0.5526315789473685,0.7105263157894737,0.7777777777777778,0.018699910952804988
stable_57d,country,Costa Rica,108,88,19,1,1,2,4,1,1,1,1,1,1,1,1,1,0.05263157894736842,0.05263157894736842,0.05263157894736842,1.0,1.0,1.0,0.009259259259259259
stable_57d,country,Croatia,326,236,60,12,12,10,14,12,9,9,2,2,2,2,2,2,0.2,0.03333333333333333,0.03333333333333333,0.16666666666666666,0.75,0.2222222222222222,0.006134969325153374
stable_57d,country,Cyprus,84,67,15,2,2,2,5,2,2,2,2,2,2,2,2,2,0.13333333333333333,0.13333333333333333,0.13333333333333333,1.0,1.0,1.0,0.023809523809523808
stable_57d,country,Czechia,619,479,119,27,26,21,44,27,20,20,11,10,9,10,9,10,0.2184873949579832,0.07563025210084033,0.07563025210084033,0.37037037037037035,0.7407407407407407,0.5,0.01615508885298869
stable_57d,country,Denmark,632,508,145,21,19,23,48,21,14,14,8,8,8,8,8,8,0.1310344827586207,0.05517241379310345,0.05517241379310345,0.38095238095238093,0.6666666666666666,0.5714285714285714,0.012658227848101266
stable_57d,country,Dominican Republic,141,108,30,5,5,10,12,5,5,5,3,3,3,3,3,3,0.16666666666666666,0.1,0.1,0.6,1.0,0.6,0.02127659574468085
stable_57d,country,Ecuador,201,163,40,2,2,12,7,2,2,2,2,1,1,1,1,1,0.05,0.025,0.025,0.5,1.0,0.5,0.004975124378109453
stable_57d,country,Egypt,494,370,99,14,13,20,22,14,10,10,6,6,5,6,5,6,0.13131313131313133,0.050505050505050504,0.050505050505050504,0.42857142857142855,0.7142857142857143,0.6,0.012145748987854251
stable_57d,country,El Salvador,90,51,22,3,3,5,7,3,3,3,3,3,3,3,3,3,0.13636363636363635,0.13636363636363635,0.13636363636363635,1.0,1.0,1.0,0.03333333333333333
stable_57d,country,Estonia,80,71,14,0,0,3,1,0,0,0,0,0,0,0,0,0,0.0,0.0,0.0,,,,0.0
stable_57d,country,Finland,392,321,81,9,9,15,25,9,5,5,5,4,4,4,4,4,0.1111111111111111,0.04938271604938271,0.04938271604938271,0.4444444444444444,0.5555555555555556,0.8,0.01020408163265306
stable_57d,country,France,4658,3631,927,117,112,180,229,117,80,80,63,61,58,61,58,61,0.12081984897518878,0.06256742179072276,0.06256742179072276,0.5213675213675214,0.6837606837606838,0.7625,0.013095749248604552
stable_57d,country,Georgia,97,78,19,4,4,4,3,4,4,4,4,4,4,4,4,4,0.21052631578947367,0.21052631578947367,0.21052631578947367,1.0,1.0,1.0,0.041237113402061855
stable_57d,country,Germany,4200,3274,779,114,109,159,211,114,81,81,58,54,50,54,50,54,0.1399229781771502,0.06418485237483953,0.06418485237483953,0.47368421052631576,0.7105263157894737,0.6666666666666666,0.012857142857142857
stable_57d,country,Ghana,51,44,9,2,2,4,4,2,1,1,0,0,0,0,0,0,0.2222222222222222,0.0,0.0,0.0,0.5,0.0,0.0
stable_57d,country,Greece,855,639,194,26,24,48,55,26,17,17,15,15,15,15,15,15,0.12371134020618557,0.07731958762886598,0.07731958762886598,0.5769230769230769,0.6538461538461539,0.8823529411764706,0.017543859649122806
stable_57d,country,Guatemala,87,58,29,5,5,1,11,5,4,4,2,2,2,2,2,2,0.1724137931034483,0.06896551724137931,0.06896551724137931,0.4,0.8,0.5,0.022988505747126436
stable_57d,country,Honduras,48,38,10,1,1,2,2,1,1,1,1,1,1,1,1,1,0.1,0.1,0.1,1.0,1.0,1.0,0.020833333333333332
stable_57d,country,Hong Kong,1405,1088,285,38,35,51,69,38,26,26,20,20,19,20,19,20,0.12280701754385964,0.06666666666666667,0.06666666666666667,0.5263157894736842,0.6842105263157895,0.7692307692307693,0.014234875444839857
stable_57d,country,Hungary,358,252,71,6,6,10,20,6,4,4,2,2,2,2,2,2,0.08450704225352113,0.028169014084507043,0.028169014084507043,0.3333333333333333,0.6666666666666666,0.5,0.00558659217877095
stable_57d,country,Iceland,75,61,16,2,2,3,4,2,2,2,1,0,0,0,0,0,0.125,0.0,0.0,0.0,1.0,0.0,0.0
stable_57d,country,India,21913,17135,4444,571,548,949,1155,571,386,386,289,277,267,277,267,277,0.12331233123312331,0.06008100810081008,0.06008100810081008,0.4851138353765324,0.6760070052539404,0.7176165803108808,0.012640898097020034
stable_57d,country,Indonesia,2072,1613,379,43,40,89,92,43,33,33,18,18,17,18,17,18,0.10554089709762533,0.044854881266490766,0.044854881266490766,0.4186046511627907,0.7674418604651163,0.5454545454545454,0.008687258687258687
stable_57d,country,Iraq,168,122,45,5,5,9,12,5,3,3,3,3,3,3,3,3,0.1111111111111111,0.06666666666666667,0.06666666666666667,0.6,0.6,1.0,0.017857142857142856
stable_57d,country,Ireland,1453,1076,334,35,35,57,76,35,24,24,20,20,20,20,20,20,0.10479041916167664,0.059880239520958084,0.059880239520958084,0.5714285714285714,0.6857142857142857,0.8333333333333334,0.013764624913971095
stable_57d,country,Israel,1106,859,189,24,23,36,53,24,13,13,9,9,8,9,8,9,0.12169312169312169,0.042328042328042326,0.042328042328042326,0.375,0.5416666666666666,0.6923076923076923,0.0081374321880651
stable_57d,country,Italy,3251,2502,667,89,88,146,175,89,49,49,39,38,38,38,38,38,0.13193403298350825,0.05697151424287856,0.05697151424287856,0.42696629213483145,0.550561797752809,0.7755102040816326,0.01168871116579514
stable_57d,country,Jamaica,82,68,17,2,1,1,3,2,1,1,0,0,0,0,0,0,0.058823529411764705,0.0,0.0,0.0,0.5,0.0,0.0
stable_57d,country,Japan,3001,2367,625,91,88,142,159,91,66,66,51,50,47,50,47,50,0.1408,0.0752,0.0752,0.5494505494505495,0.7252747252747253,0.7575757575757576,0.016661112962345886
stable_57d,country,Jordan,122,97,20,2,2,3,4,2,2,2,2,2,2,2,2,2,0.1,0.1,0.1,1.0,1.0,1.0,0.01639344262295082
stable_57d,country,Kazakhstan,132,102,21,2,2,2,6,2,1,1,0,0,0,0,0,0,0.09523809523809523,0.0,0.0,0.0,0.5,0.0,0.0
stable_57d,country,Kenya,150,113,29,2,2,6,3,2,2,2,2,2,2,2,2,2,0.06896551724137931,0.06896551724137931,0.06896551724137931,1.0,1.0,1.0,0.013333333333333334
stable_57d,country,Kosovo,51,36,13,2,2,0,1,2,1,1,1,1,1,1,1,1,0.15384615384615385,0.07692307692307693,0.07692307692307693,0.5,0.5,1.0,0.0196078431372549
stable_57d,country,Kuwait,145,109,27,7,6,9,9,7,5,5,3,3,2,3,2,3,0.2222222222222222,0.07407407407407407,0.07407407407407407,0.42857142857142855,0.7142857142857143,0.6,0.020689655172413793
stable_57d,country,Latvia,91,76,11,2,2,1,0,2,2,2,1,1,1,1,1,1,0.18181818181818182,0.09090909090909091,0.09090909090909091,0.5,1.0,0.5,0.01098901098901099
stable_57d,country,Lebanon,97,76,12,0,0,5,1,0,0,0,0,0,0,0,0,0,0.0,0.0,0.0,,,,0.0
stable_57d,country,Lithuania,194,149,39,4,4,9,8,4,3,3,2,2,2,2,2,2,0.10256410256410256,0.05128205128205128,0.05128205128205128,0.5,0.75,0.6666666666666666,0.010309278350515464
stable_57d,country,Luxembourg,46,34,14,4,4,3,7,4,2,2,0,0,0,0,0,0,0.2857142857142857,0.0,0.0,0.0,0.5,0.0,0.0
stable_57d,country,Macao,65,42,7,1,1,0,2,1,1,1,1,1,1,1,1,1,0.14285714285714285,0.14285714285714285,0.14285714285714285,1.0,1.0,1.0,0.015384615384615385
stable_57d,country,Malaysia,1184,940,242,27,27,55,78,27,21,21,18,18,18,18,18,18,0.1115702479338843,0.0743801652892562,0.0743801652892562,0.6666666666666666,0.7777777777777778,0.8571428571428571,0.015202702702702704
stable_57d,country,Malta,37,35,9,2,2,0,3,2,2,2,2,2,2,2,2,2,0.2222222222222222,0.2222222222222222,0.2222222222222222,1.0,1.0,1.0,0.05405405405405406
stable_57d,country,Mexico,1958,1538,405,50,48,92,112,50,33,33,26,26,26,26,26,26,0.11851851851851852,0.06419753086419754,0.06419753086419754,0.52,0.66,0.7878787878787878,0.013278855975485188
stable_57d,country,Mongolia,71,49,15,2,2,7,5,2,1,1,1,1,1,1,1,1,0.13333333333333333,0.06666666666666667,0.06666666666666667,0.5,0.5,1.0,0.014084507042253521
stable_57d,country,Morocco,322,240,56,4,2,8,17,4,4,4,2,2,1,2,1,2,0.03571428571428571,0.017857142857142856,0.017857142857142856,0.5,1.0,0.5,0.006211180124223602
stable_57d,country,Myanmar (Burma),81,72,11,1,1,6,1,1,1,1,0,0,0,0,0,0,0.09090909090909091,0.0,0.0,0.0,1.0,0.0,0.0
stable_57d,country,Nepal,101,79,17,2,2,4,3,2,1,1,0,0,0,0,0,0,0.11764705882352941,0.0,0.0,0.0,0.5,0.0,0.0
stable_57d,country,Netherlands,2611,2076,531,65,61,107,135,65,48,48,38,37,35,37,35,37,0.11487758945386065,0.06591337099811675,0.06591337099811675,0.5692307692307692,0.7384615384615385,0.7708333333333334,0.014170815779394868
stable_57d,country,New Zealand,280,232,59,7,6,7,13,7,3,3,3,3,2,3,2,3,0.1016949152542373,0.03389830508474576,0.03389830508474576,0.42857142857142855,0.42857142857142855,1.0,0.010714285714285714
stable_57d,country,Nigeria,317,257,56,4,4,14,9,4,2,2,2,2,2,2,2,2,0.07142857142857142,0.03571428571428571,0.03571428571428571,0.5,0.5,1.0,0.006309148264984227
stable_57d,country,North Macedonia,112,83,17,3,3,4,6,3,2,2,2,2,2,2,2,2,0.17647058823529413,0.11764705882352941,0.11764705882352941,0.6666666666666666,0.6666666666666666,1.0,0.017857142857142856
stable_57d,country,Norway,343,272,74,13,13,14,27,13,4,4,1,1,1,1,1,1,0.17567567567567569,0.013513513513513514,0.013513513513513514,0.07692307692307693,0.3076923076923077,0.25,0.0029154518950437317
stable_57d,country,Oman,50,45,6,0,0,6,3,0,0,0,0,0,0,0,0,0,0.0,0.0,0.0,,,,0.0
stable_57d,country,Pakistan,1039,829,176,23,22,40,40,23,15,15,10,10,9,10,9,10,0.125,0.05113636363636364,0.05113636363636364,0.43478260869565216,0.6521739130434783,0.6666666666666666,0.009624639076034648
stable_57d,country,Palestine,78,69,13,1,1,2,2,1,1,1,1,1,1,1,1,1,0.07692307692307693,0.07692307692307693,0.07692307692307693,1.0,1.0,1.0,0.01282051282051282
stable_57d,country,Panama,55,37,11,1,1,3,6,1,1,1,1,1,1,1,1,1,0.09090909090909091,0.09090909090909091,0.09090909090909091,1.0,1.0,1.0,0.01818181818181818
stable_57d,country,Paraguay,46,34,8,1,1,3,4,1,1,1,1,1,1,1,1,1,0.125,0.125,0.125,1.0,1.0,1.0,0.021739130434782608
stable_57d,country,Peru,1110,830,206,29,29,38,58,29,17,17,10,10,10,10,10,10,0.1407766990291262,0.04854368932038835,0.04854368932038835,0.3448275862068966,0.5862068965517241,0.5882352941176471,0.009009009009009009
stable_57d,country,Philippines,1151,912,235,35,34,50,58,35,28,28,16,16,15,16,15,16,0.14468085106382977,0.06382978723404255,0.06382978723404255,0.45714285714285713,0.8,0.5714285714285714,0.013900955690703735
stable_57d,country,Poland,2077,1611,416,64,62,87,121,64,47,47,30,25,23,25,23,25,0.14903846153846154,0.055288461538461536,0.055288461538461536,0.390625,0.734375,0.5319148936170213,0.01203659123736158
stable_57d,country,Portugal,1034,777,192,20,20,42,49,20,17,16,13,13,13,13,13,13,0.10416666666666667,0.06770833333333333,0.06770833333333333,0.65,0.8,0.8125,0.012572533849129593
stable_57d,country,Puerto Rico,161,113,32,5,5,8,10,5,3,3,3,3,3,3,3,3,0.15625,0.09375,0.09375,0.6,0.6,1.0,0.018633540372670808
stable_57d,country,Qatar,90,63,23,2,2,3,7,2,1,1,1,1,1,1,1,1,0.08695652173913043,0.043478260869565216,0.043478260869565216,0.5,0.5,1.0,0.011111111111111112
stable_57d,country,Romania,614,501,112,8,8,23,23,8,4,4,2,2,2,2,2,2,0.07142857142857142,0.017857142857142856,0.017857142857142856,0.25,0.5,0.5,0.003257328990228013
stable_57d,country,Russia,1486,1179,325,37,36,58,81,37,29,29,24,23,23,23,23,23,0.11076923076923077,0.07076923076923076,0.07076923076923076,0.6216216216216216,0.7837837837837838,0.7931034482758621,0.01547779273216689
stable_57d,country,Saudi Arabia,507,395,93,8,8,20,22,8,5,5,5,5,5,5,5,5,0.08602150537634409,0.053763440860215055,0.053763440860215055,0.625,0.625,1.0,0.009861932938856016
stable_57d,country,Serbia,201,145,42,8,8,13,8,8,6,6,4,4,4,4,4,4,0.19047619047619047,0.09523809523809523,0.09523809523809523,0.5,0.75,0.6666666666666666,0.01990049751243781
stable_57d,country,Singapore,3115,2478,638,77,77,126,149,77,52,52,31,30,30,30,30,30,0.1206896551724138,0.047021943573667714,0.047021943573667714,0.38961038961038963,0.6753246753246753,0.5769230769230769,0.009630818619582664
stable_57d,country,Slovakia,313,246,57,4,3,14,11,4,3,3,3,3,2,3,2,3,0.05263157894736842,0.03508771929824561,0.03508771929824561,0.75,0.75,1.0,0.009584664536741214
stable_57d,country,Slovenia,180,150,39,10,10,8,14,10,9,9,7,7,7,7,7,7,0.2564102564102564,0.1794871794871795,0.1794871794871795,0.7,0.9,0.7777777777777778,0.03888888888888889
stable_57d,country,South Africa,406,309,77,10,9,22,17,10,5,5,3,2,2,2,2,2,0.11688311688311688,0.025974025974025976,0.025974025974025976,0.2,0.5,0.4,0.0049261083743842365
stable_57d,country,South Korea,2961,2357,569,79,75,131,148,79,44,44,28,25,23,25,23,25,0.13181019332161686,0.040421792618629174,0.040421792618629174,0.31645569620253167,0.5569620253164557,0.5681818181818182,0.008443093549476529
stable_57d,country,Spain,4215,3352,833,118,117,181,236,118,80,80,62,62,61,62,61,62,0.1404561824729892,0.07322929171668667,0.07322929171668667,0.5254237288135594,0.6779661016949152,0.775,0.014709371293001186
stable_57d,country,Sri Lanka,403,324,97,16,14,13,35,16,6,6,5,5,5,5,5,5,0.14432989690721648,0.05154639175257732,0.05154639175257732,0.3125,0.375,0.8333333333333334,0.01240694789081886
stable_57d,country,Sweden,1275,998,267,39,36,54,65,39,29,29,17,16,16,16,16,16,0.1348314606741573,0.0599250936329588,0.0599250936329588,0.41025641025641024,0.7435897435897436,0.5517241379310345,0.012549019607843137
stable_57d,country,Switzerland,1235,968,253,35,35,52,62,35,22,22,14,14,14,14,14,14,0.1383399209486166,0.05533596837944664,0.05533596837944664,0.4,0.6285714285714286,0.6363636363636364,0.011336032388663968
stable_57d,country,Taiwan,4007,3154,812,106,102,169,213,106,74,74,50,49,47,49,47,49,0.12561576354679804,0.05788177339901478,0.05788177339901478,0.46226415094339623,0.6981132075471698,0.6621621621621622,0.012228599950087347
stable_57d,country,Thailand,1036,788,200,22,20,46,44,22,18,18,15,15,13,15,13,15,0.1,0.065,0.065,0.6818181818181818,0.8181818181818182,0.8333333333333334,0.01447876447876448
stable_57d,country,Trinidad & Tobago,37,34,2,0,0,1,1,0,0,0,0,0,0,0,0,0,0.0,0.0,0.0,,,,0.0
stable_57d,country,Tunisia,116,92,23,4,4,4,8,4,3,3,2,2,2,2,2,2,0.17391304347826086,0.08695652173913043,0.08695652173913043,0.5,0.75,0.6666666666666666,0.017241379310344827
stable_57d,country,Turkey,2355,1835,448,67,65,116,119,67,42,42,36,36,35,36,35,36,0.14508928571428573,0.078125,0.078125,0.5373134328358209,0.6268656716417911,0.8571428571428571,0.015286624203821656
stable_57d,country,Ukraine,864,683,165,24,24,44,52,24,16,16,9,9,9,9,9,9,0.14545454545454545,0.05454545454545454,0.05454545454545454,0.375,0.6666666666666666,0.5625,0.010416666666666666
stable_57d,country,United Arab Emirates,736,576,122,16,16,26,28,16,14,14,11,9,9,9,9,9,0.13114754098360656,0.07377049180327869,0.07377049180327869,0.5625,0.875,0.6428571428571429,0.012228260869565218
stable_57d,country,United Kingdom,7364,5757,1480,196,189,311,398,196,135,135,107,100,96,100,96,100,0.1277027027027027,0.06486486486486487,0.06486486486486487,0.5102040816326531,0.6887755102040817,0.7407407407407407,0.013579576317218903
stable_57d,country,United States,102553,79848,20663,2750,2655,4492,5501,2751,1842,1842,1363,1284,1235,1284,1235,1284,0.12849053864395296,0.05976866863475778,0.05976866863475778,0.4669090909090909,0.6698181818181819,0.6970684039087948,0.012520355328464306
stable_57d,country,Uruguay,106,68,27,5,5,4,10,5,5,5,5,5,5,5,5,5,0.18518518518518517,0.18518518518518517,0.18518518518518517,1.0,1.0,1.0,0.04716981132075472
stable_57d,country,Venezuela,95,65,12,3,3,3,2,3,1,1,1,1,1,1,1,1,0.25,0.08333333333333333,0.08333333333333333,0.3333333333333333,0.3333333333333333,1.0,0.010526315789473684
stable_57d,country,Vietnam,963,760,204,17,17,61,46,17,12,12,9,9,9,9,9,9,0.08333333333333333,0.04411764705882353,0.04411764705882353,0.5294117647058824,0.7058823529411765,0.75,0.009345794392523364
stable_57d,first_user_source,(data deleted),13186,10911,3346,697,655,561,1197,697,563,563,429,413,388,413,388,413,0.19575612671846981,0.1159593544530783,0.1159593544530783,0.5925394548063128,0.8077474892395983,0.7335701598579041,0.03132109813438495
stable_57d,first_user_source,(direct),54229,50139,10785,1423,1393,2362,2888,1423,921,920,679,635,621,635,621,635,0.1291608715808994,0.05757997218358832,0.05757997218358832,0.4462403373155306,0.6465214335910049,0.6902173913043478,0.0117096018735363
stable_57d,first_user_source,<Other>,63933,60364,12423,1488,1445,2712,3134,1488,941,941,684,655,634,655,634,655,0.11631650969975046,0.051034371729855914,0.051034371729855914,0.44018817204301075,0.6323924731182796,0.696068012752391,0.010245100339417827
stable_57d,first_user_source,google,84415,78415,16444,2001,1939,3639,4054,2001,1317,1317,941,896,867,896,867,896,0.1179153490634882,0.05272439795670153,0.05272439795670153,0.447776111944028,0.6581709145427287,0.680334092634776,0.010614227329266125
stable_57d,first_user_source,shop.googlemerchandisestore.com,18112,16660,4024,656,617,795,1200,657,491,491,371,357,337,357,337,357,0.1533300198807157,0.08374751491053678,0.08374751491053678,0.5442073170731707,0.7484756097560976,0.7270875763747454,0.019710689045936397
stable_57d,week,2020-11-30,31088,24534,7782,1419,1377,1428,2619,1419,827,827,590,563,544,563,544,563,0.176946800308404,0.06990490876381393,0.06990490876381393,0.3967582804792107,0.5828047921071177,0.6807738814993954,0.018109881626351004
stable_57d,week,2020-12-07,38729,31498,8221,1582,1528,1687,2716,1582,1011,1010,772,742,712,742,712,742,0.18586546648826177,0.08660746867777643,0.08660746867777643,0.4690265486725664,0.638432364096081,0.7346534653465346,0.01915876991401792
stable_57d,week,2020-12-14,33411,27421,7079,1015,974,1450,2093,1016,751,751,549,534,513,534,513,534,0.1375900550925272,0.07246786269247069,0.07246786269247069,0.5261083743842364,0.7399014778325124,0.711051930758988,0.01598276016880668
stable_57d,week,2020-12-21,22083,19137,4115,416,407,946,985,416,308,308,233,226,220,226,220,226,0.09890643985419198,0.053462940461725394,0.053462940461725394,0.5432692307692307,0.7403846153846154,0.7337662337662337,0.010234116741384776
stable_57d,week,2020-12-28,20444,17948,3111,261,249,804,655,261,191,191,138,133,129,133,129,133,0.08003857280617165,0.041465766634522665,0.041465766634522665,0.5095785440613027,0.7318007662835249,0.6963350785340314,0.006505576208178439
stable_57d,week,2021-01-04,29029,24710,4436,345,330,1195,960,345,229,229,162,154,150,154,150,154,0.07439134355275022,0.03381424706943192,0.03381424706943192,0.4463768115942029,0.663768115942029,0.6724890829694323,0.005305039787798408
stable_57d,week,2021-01-11,27707,23375,4850,459,449,1177,1089,459,330,330,227,208,203,208,203,208,0.09257731958762887,0.04185567010309278,0.04185567010309278,0.4531590413943355,0.7189542483660131,0.6303030303030303,0.007507128162558198
stable_57d,week,2021-01-18,27478,22647,6484,684,655,1210,1208,684,518,518,375,347,330,347,330,347,0.10101789019123998,0.050894509561998764,0.050894509561998764,0.5073099415204678,0.7573099415204678,0.6698841698841699,0.01262828444573841
stable_57d,week,2021-01-25,3906,3498,944,84,80,172,148,84,68,68,58,49,46,49,46,49,0.0847457627118644,0.048728813559322036,0.048728813559322036,0.5833333333333334,0.8095238095238095,0.7205882352941176,0.012544802867383513
stable_57d,prior_observed_session,False,177399,177399,32897,3277,3241,7880,7502,3278,1757,1756,1241,1180,1166,1180,1166,1180,0.09851962185001673,0.03544396145545187,0.03544396145545187,0.3600854440036619,0.5358559658223986,0.6719817767653758,0.0066516722191218665
stable_57d,prior_observed_session,True,56476,31045,14125,2988,2808,2189,4971,2988,2476,2476,1863,1776,1681,1776,1681,1776,0.19879646017699115,0.11900884955752213,0.11900884955752213,0.5943775100401606,0.8286479250334672,0.7172859450726979,0.03144698633047666
stable_57d,has_search,False,223806,175758,42310,4996,4784,0,10568,4997,3661,3660,2691,2566,2458,2566,2458,2566,0.11307019617111794,0.05809501299929095,0.05809501299929095,0.5136108887109688,0.732586068855084,0.7010928961748634,0.011465286900261834
stable_57d,has_search,True,10069,9325,4712,1269,1265,10069,1905,1269,572,572,413,390,389,390,389,390,0.2684634974533107,0.08255517826825128,0.08255517826825128,0.3073286052009456,0.4507486209613869,0.6818181818181818,0.03873274406594498
stable_57d,device_week,desktop|2020-11-30,18091,14356,4550,831,810,850,1517,831,486,486,341,325,317,325,317,325,0.17802197802197803,0.06967032967032967,0.06967032967032967,0.3910950661853189,0.5848375451263538,0.668724279835391,0.017964733845558564
stable_57d,device_week,desktop|2020-12-07,22676,18427,4902,935,902,977,1595,935,602,601,465,448,429,448,429,448,0.18400652794777642,0.08751529987760098,0.08751529987760098,0.47914438502673795,0.6427807486631016,0.7454242928452579,0.019756570823778446
stable_57d,device_week,desktop|2020-12-14,19383,15968,4128,573,549,837,1184,573,428,428,310,299,287,299,287,299,0.13299418604651161,0.06952519379844961,0.06952519379844961,0.5218150087260035,0.7469458987783595,0.6985981308411215,0.015425888665325285
stable_57d,device_week,desktop|2020-12-21,12688,11089,2367,215,210,492,555,215,156,156,119,114,112,114,112,114,0.08871989860583017,0.04731727925644275,0.04731727925644275,0.5302325581395348,0.7255813953488373,0.7307692307692307,0.008984867591424969
stable_57d,device_week,desktop|2020-12-28,11996,10557,1802,156,152,463,373,156,110,110,75,75,74,75,74,75,0.08435072142064373,0.041065482796892344,0.041065482796892344,0.4807692307692308,0.7051282051282052,0.6818181818181818,0.006252084028009337
stable_57d,device_week,desktop|2021-01-04,16734,14287,2600,209,201,687,570,209,134,134,98,93,90,93,90,93,0.07730769230769231,0.03461538461538462,0.03461538461538462,0.4449760765550239,0.6411483253588517,0.6940298507462687,0.005557547508067408
stable_57d,device_week,desktop|2021-01-11,15910,13376,2790,268,263,665,632,268,193,193,129,114,111,114,111,114,0.09426523297491039,0.03978494623655914,0.03978494623655914,0.4253731343283582,0.7201492537313433,0.5906735751295337,0.007165304839723444
stable_57d,device_week,desktop|2021-01-18,15991,13246,3779,399,386,678,708,399,303,303,215,195,188,195,188,195,0.10214342418629267,0.04974861074358296,0.04974861074358296,0.48872180451127817,0.7593984962406015,0.6435643564356436,0.012194359327121505
stable_57d,device_week,desktop|2021-01-25,2279,2033,545,47,44,100,85,47,38,38,32,27,25,27,25,27,0.08073394495412844,0.045871559633027525,0.045871559633027525,0.574468085106383,0.8085106382978723,0.7105263157894737,0.01184730144800351
stable_57d,device_week,mobile|2020-11-30,12297,9649,3060,561,540,547,1042,561,324,324,235,225,214,225,214,225,0.17647058823529413,0.06993464052287582,0.06993464052287582,0.40106951871657753,0.5775401069518716,0.6944444444444444,0.018297145645279338
stable_57d,device_week,mobile|2020-12-07,15202,12473,3181,618,598,677,1072,618,390,390,295,283,272,283,272,283,0.18799119773656084,0.08550770198050928,0.08550770198050928,0.45792880258899676,0.6310679611650486,0.7256410256410256,0.018615971582686488
stable_57d,device_week,mobile|2020-12-14,13312,10884,2823,423,407,595,869,424,314,314,233,229,221,229,221,229,0.14417286574566066,0.07828551186680836,0.07828551186680836,0.541371158392435,0.7423167848699763,0.7292993630573248,0.01720252403846154
stable_57d,device_week,mobile|2020-12-21,8904,7756,1650,187,184,439,410,187,141,141,106,104,101,104,101,104,0.11151515151515151,0.06121212121212121,0.06121212121212121,0.5561497326203209,0.7540106951871658,0.7375886524822695,0.011680143755615454
stable_57d,device_week,mobile|2020-12-28,7959,6970,1226,98,91,313,265,98,74,74,57,52,50,52,50,52,0.07422512234910278,0.040783034257748776,0.040783034257748776,0.5306122448979592,0.7551020408163265,0.7027027027027027,0.006533484106043473
stable_57d,device_week,mobile|2021-01-04,11621,9861,1714,126,119,474,367,126,87,87,61,59,58,59,58,59,0.06942823803967328,0.0338389731621937,0.0338389731621937,0.46825396825396826,0.6904761904761905,0.6781609195402298,0.005077015747353929
stable_57d,device_week,mobile|2021-01-11,11178,9508,1945,183,178,473,437,183,131,131,93,89,87,89,87,89,0.09151670951156812,0.04473007712082262,0.04473007712082262,0.48633879781420764,0.7158469945355191,0.6793893129770993,0.007962068348541778
stable_57d,device_week,mobile|2021-01-18,10887,8954,2557,271,255,495,473,271,204,204,151,143,133,143,133,143,0.09972624168947986,0.05201407899882675,0.05201407899882675,0.5276752767527675,0.7527675276752768,0.7009803921568627,0.013134931569762101
stable_57d,device_week,mobile|2021-01-25,1538,1383,382,34,33,66,59,34,28,28,24,20,19,20,19,20,0.08638743455497382,0.049738219895287955,0.049738219895287955,0.5882352941176471,0.8235294117647058,0.7142857142857143,0.013003901170351105
stable_57d,device_week,tablet|2020-11-30,700,570,172,27,27,31,60,27,17,17,14,13,13,13,13,13,0.1569767441860465,0.0755813953488372,0.0755813953488372,0.48148148148148145,0.6296296296296297,0.7647058823529411,0.018571428571428572
stable_57d,device_week,tablet|2020-12-07,851,688,138,29,28,33,49,29,19,19,12,11,11,11,11,11,0.2028985507246377,0.07971014492753623,0.07971014492753623,0.3793103448275862,0.6551724137931034,0.5789473684210527,0.012925969447708578
stable_57d,device_week,tablet|2020-12-14,716,591,128,19,18,18,40,19,9,9,6,6,5,6,5,6,0.140625,0.0390625,0.0390625,0.3157894736842105,0.47368421052631576,0.6666666666666666,0.008379888268156424
stable_57d,device_week,tablet|2020-12-21,491,437,98,14,13,15,20,14,11,11,8,8,7,8,7,8,0.1326530612244898,0.07142857142857142,0.07142857142857142,0.5714285714285714,0.7857142857142857,0.7272727272727273,0.016293279022403257
stable_57d,device_week,tablet|2020-12-28,489,426,83,7,6,28,17,7,7,7,6,6,5,6,5,6,0.07228915662650602,0.060240963855421686,0.060240963855421686,0.8571428571428571,1.0,0.8571428571428571,0.012269938650306749
stable_57d,device_week,tablet|2021-01-04,674,569,122,10,10,34,23,10,8,8,3,2,2,2,2,2,0.08196721311475409,0.01639344262295082,0.01639344262295082,0.2,0.8,0.25,0.002967359050445104
stable_57d,device_week,tablet|2021-01-11,619,518,115,8,8,39,20,8,6,6,5,5,5,5,5,5,0.06956521739130435,0.043478260869565216,0.043478260869565216,0.625,0.75,0.8333333333333334,0.008077544426494346
stable_57d,device_week,tablet|2021-01-18,600,500,148,14,14,37,27,14,11,11,9,9,9,9,9,9,0.0945945945945946,0.060810810810810814,0.060810810810810814,0.6428571428571429,0.7857142857142857,0.8181818181818182,0.015
stable_57d,device_week,tablet|2021-01-25,89,83,17,3,3,6,4,3,2,2,2,2,2,2,2,2,0.17647058823529413,0.11764705882352941,0.11764705882352941,0.6666666666666666,0.6666666666666666,1.0,0.02247191011235955
