scope,eligible,outcome,specification,all_eligible_desktop_mobile_sessions,common_support_sessions,common_support_share,supported_strata,desktop_n_common,mobile_n_common,desktop_rate_all_eligible,mobile_rate_all_eligible,crude_gap_all_eligible,desktop_rate_common,mobile_rate_common,crude_gap_common,desktop_standardized_rate,mobile_standardized_rate,standardized_gap,standardized_gap_ci_low,standardized_gap_ci_high,crude_common_gap_ci_low,crude_common_gap_ci_high,bootstrap_repetitions,valid_repetitions,seed,method
full_92d,checkout_sessions,has_positive_after_checkout,unadjusted,10866,10866,1.0,1,6392,4474,0.39612015018773467,0.4074653553866786,0.011345205198943942,0.39612015018773467,0.4074653553866786,0.011345205198943942,0.39612015018773467,0.4074653553866786,0.011345205198943942,-0.010356278848013012,0.02969724019686022,-0.010356278848013012,0.02969724019686022,600,600,20261007,User-cluster percentile bootstrap; fixed common-support cells and fixed pooled target weights; exploratory nominal 95% interval
full_92d,view_event_sessions,has_positive_after_core_checkout,unadjusted,75320,75320,1.0,1,44819,30501,0.05484281220018296,0.057768597750893415,0.0029257855507104566,0.05484281220018296,0.057768597750893415,0.0029257855507104566,0.05484281220018296,0.057768597750893415,0.0029257855507104566,-0.0007120598563926567,0.006053668860401951,-0.0007120598563926567,0.006053668860401951,600,600,20261007,User-cluster percentile bootstrap; fixed common-support cells and fixed pooled target weights; exploratory nominal 95% interval
stable_57d,checkout_sessions,has_positive_after_checkout,unadjusted,6134,6134,1.0,1,3633,2501,0.4651802917698871,0.4814074370251899,0.016227145255302777,0.4651802917698871,0.4814074370251899,0.016227145255302777,0.4651802917698871,0.4814074370251899,0.016227145255302777,-0.008869150357442684,0.042195820462972364,-0.008869150357442684,0.042195820462972364,600,600,20261007,User-cluster percentile bootstrap; fixed common-support cells and fixed pooled target weights; exploratory nominal 95% interval
stable_57d,checkout_sessions,has_positive_after_checkout,country_source,6134,6117,0.9972285621128139,24,3623,2494,0.4651802917698871,0.4814074370251899,0.016227145255302777,0.4648081700248413,0.48115477145148355,0.016346601426642238,0.46445211793515756,0.4792640750861771,0.014811957151019517,-0.010935010684515996,0.039529053020665846,-0.008988093842470513,0.040627142281858486,600,600,20261007,User-cluster percentile bootstrap; fixed common-support cells and fixed pooled target weights; exploratory nominal 95% interval
stable_57d,checkout_sessions,has_positive_after_checkout,country_source_week,6134,5862,0.9556569938050212,69,3477,2385,0.4651802917698871,0.4814074370251899,0.016227145255302777,0.4618924360080529,0.47840670859538786,0.016514272587334955,0.4628247320539312,0.4762072337117453,0.013382501657814072,-0.013400297992481871,0.040779920419846336,-0.008617254918306644,0.04386726047911495,600,600,20261007,User-cluster percentile bootstrap; fixed common-support cells and fixed pooled target weights; exploratory nominal 95% interval
stable_57d,checkout_sessions,has_positive_after_checkout,country_source_prior_history,6134,6117,0.9972285621128139,19,3626,2491,0.4651802917698871,0.4814074370251899,0.016227145255302777,0.46580253723110865,0.481332798073063,0.015530260841954358,0.4636787401305965,0.4830569222215817,0.019378182090985185,-0.004974325156156168,0.04656220576358409,-0.009467096865045677,0.04345695609002605,600,600,20261007,User-cluster percentile bootstrap; fixed common-support cells and fixed pooled target weights; exploratory nominal 95% interval
stable_57d,view_event_sessions,has_positive_after_core_checkout,unadjusted,46001,46001,1.0,1,27463,18538,0.059461821359647525,0.062304455712590356,0.0028426343529428313,0.059461821359647525,0.062304455712590356,0.0028426343529428313,0.059461821359647525,0.062304455712590356,0.0028426343529428313,-0.001966142481122879,0.007412305224163709,-0.001966142481122879,0.007412305224163709,600,600,20261007,User-cluster percentile bootstrap; fixed common-support cells and fixed pooled target weights; exploratory nominal 95% interval
stable_57d,view_event_sessions,has_positive_after_core_checkout,country_source,46001,46001,1.0,25,27463,18538,0.059461821359647525,0.062304455712590356,0.0028426343529428313,0.059461821359647525,0.062304455712590356,0.0028426343529428313,0.05962446717745053,0.0622484818652225,0.0026240146877719722,-0.00215744270806558,0.007037178698966679,-0.001966142481122879,0.007412305224163709,600,600,20261007,User-cluster percentile bootstrap; fixed common-support cells and fixed pooled target weights; exploratory nominal 95% interval
stable_57d,view_event_sessions,has_positive_after_core_checkout,country_source_week,46001,45972,0.9993695789221974,89,27443,18529,0.059461821359647525,0.062304455712590356,0.0028426343529428313,0.05950515614182123,0.06228074909601166,0.0027755929541904284,0.05943978948045061,0.06233511023897456,0.002895320758523952,-0.0009672775924229186,0.007321028453006498,-0.0011642291861682778,0.0072792317438594,600,600,20261007,User-cluster percentile bootstrap; fixed common-support cells and fixed pooled target weights; exploratory nominal 95% interval
stable_57d,view_event_sessions,has_positive_after_core_checkout,country_source_prior_history,46001,46001,1.0,20,27463,18538,0.059461821359647525,0.062304455712590356,0.0028426343529428313,0.059461821359647525,0.062304455712590356,0.0028426343529428313,0.059590979690906466,0.06205625387541266,0.0024652741845061915,-0.0022567637939656594,0.006943489920578123,-0.001966142481122879,0.007412305224163709,600,600,20261007,User-cluster percentile bootstrap; fixed common-support cells and fixed pooled target weights; exploratory nominal 95% interval
