date,purchase_events,positive_merchandise_events,zero_amount_events,valid_id_events,candidate_repeat_excess,reported_revenue_usd,purchase_users,positive_merchandise_users,zero_amount_event_share,candidate_repeat_share,collapsed_reported_revenue_usd
2020-11-01,14,14,0,0,0,773,13,13,0,0,773
2020-11-02,49,49,0,0,0,4789,39,39,0,0,4789
2020-11-03,49,49,0,0,0,3313,46,46,0,0,3313
2020-11-04,46,46,0,0,0,2197,30,30,0,0,2197
2020-11-05,26,26,0,0,0,1792,26,26,0,0,1792
2020-11-06,58,58,0,0,0,3438,48,48,0,0,3438
2020-11-07,31,31,0,0,0,2531,28,28,0,0,2531
2020-11-08,32,32,0,0,0,3760,31,31,0,0,3760
2020-11-09,52,52,0,0,0,2154,40,40,0,0,2154
2020-11-10,64,63,1,0,0,4041,64,63,0.015625,0,4041
2020-11-11,64,63,1,28,0,4428,63,62,0.015625,0,4428
2020-11-12,54,54,0,53,0,3349,51,51,0,0,3349
2020-11-13,79,79,0,79,1,5831,66,66,0,0.01265822785,5750
2020-11-14,30,30,0,30,0,2338,29,29,0,0,2338
2020-11-15,21,21,0,21,0,1483,21,21,0,0,1483
2020-11-16,69,69,0,69,0,5046,68,68,0,0,5046
2020-11-17,98,98,0,98,0,6227,85,85,0,0,6227
2020-11-18,68,67,1,67,9,4575,49,48,0.01470588235,0.1323529412,4153
2020-11-19,84,79,5,79,38,5752,44,39,0.05952380952,0.4523809524,2915
2020-11-20,118,106,12,106,53,8792,64,52,0.1016949153,0.4491525424,4396
2020-11-21,68,66,2,66,33,4336,35,33,0.02941176471,0.4852941176,2168
2020-11-22,60,58,2,58,29,3428,29,27,0.03333333333,0.4833333333,1714
2020-11-23,141,138,3,138,69,8482,62,59,0.02127659574,0.4893617021,4241
2020-11-24,147,145,2,145,39,10345,96,94,0.01360544218,0.2653061224,7382
2020-11-25,108,103,5,103,8,8121,84,81,0.0462962963,0.07407407407,7674
2020-11-26,57,54,3,54,0,4133,54,51,0.05263157895,0,4133
2020-11-27,97,93,4,93,3,6699,89,85,0.0412371134,0.03092783505,6523
2020-11-28,78,70,8,70,0,6255,73,65,0.1025641026,0,6255
2020-11-29,51,49,2,49,0,3862,48,46,0.03921568627,0,3862
2020-11-30,141,136,5,136,2,11990,126,121,0.03546099291,0.01418439716,11956
2020-12-01,107,97,10,97,1,6258,98,88,0.09345794393,0.009345794393,6203
2020-12-02,82,78,4,78,1,5201,74,70,0.0487804878,0.01219512195,5144
2020-12-03,90,87,3,87,1,4317,86,83,0.03333333333,0.01111111111,4277
2020-12-04,96,93,3,93,1,6458,85,82,0.03125,0.01041666667,6398
2020-12-05,87,85,2,85,1,6396,76,74,0.02298850575,0.01149425287,6325
2020-12-06,42,41,1,41,0,2328,40,39,0.02380952381,0,2328
2020-12-07,110,106,4,106,2,8472,89,85,0.03636363636,0.01818181818,8415
2020-12-08,122,121,1,121,1,8695,110,109,0.008196721311,0.008196721311,8687
2020-12-09,150,145,5,145,4,10863,126,121,0.03333333333,0.02666666667,10487
2020-12-10,143,137,6,137,1,10756,126,122,0.04195804196,0.006993006993,10698
2020-12-11,160,155,5,155,0,10400,145,141,0.03125,0,10400
2020-12-12,106,101,5,101,0,6284,99,94,0.04716981132,0,6284
2020-12-13,74,68,6,68,0,4395,62,56,0.08108108108,0,4395
2020-12-14,99,94,5,94,2,8505,84,79,0.05050505051,0.0202020202,8407
2020-12-15,139,133,6,133,1,9738,115,109,0.04316546763,0.007194244604,9610
2020-12-16,143,143,0,143,1,11509,115,115,0,0.006993006993,11479
2020-12-17,126,125,1,125,2,6745,88,87,0.007936507937,0.01587301587,6595
2020-12-18,107,106,1,106,1,6624,79,78,0.009345794393,0.009345794393,6591
2020-12-19,52,51,1,51,1,2782,40,39,0.01923076923,0.01923076923,2767
2020-12-20,20,19,1,19,0,1399,19,18,0.05,0,1399
2020-12-21,53,51,2,51,1,3429,48,47,0.03773584906,0.01886792453,3383
2020-12-22,60,57,3,57,1,3230,56,53,0.05,0.01666666667,3071
2020-12-23,67,67,0,67,0,4418,53,53,0,0,4418
2020-12-24,23,22,1,22,0,1192,22,21,0.04347826087,0,1192
2020-12-25,17,16,1,16,0,552,17,16,0.05882352941,0,552
2020-12-26,17,16,1,16,1,734,16,15,0.05882352941,0.05882352941,725
2020-12-27,20,20,0,20,0,1161,20,20,0,0,1161
2020-12-28,36,35,1,35,1,2097,32,31,0.02777777778,0.02777777778,2018
2020-12-29,24,24,0,24,0,1418,22,22,0,0,1418
2020-12-30,37,22,15,22,1,1604,21,19,0.4054054054,0.02702702703,1582
2020-12-31,25,25,0,25,1,2595,22,22,0,0.04,2577
2021-01-01,14,14,0,14,1,975,12,12,0,0.07142857143,961
2021-01-02,14,13,1,13,0,1026,14,13,0.07142857143,0,1026
2021-01-03,14,13,1,13,0,552,14,13,0.07142857143,0,552
2021-01-04,16,16,0,16,0,834,16,16,0,0,834
2021-01-05,29,28,1,28,1,1143,27,26,0.03448275862,0.03448275862,1119
2021-01-06,31,31,0,31,0,2000,28,28,0,0,2000
2021-01-07,26,23,3,23,0,1452,25,22,0.1153846154,0,1452
2021-01-08,34,31,3,31,0,1699,34,31,0.08823529412,0,1699
2021-01-09,20,19,1,19,0,1363,18,17,0.05,0,1363
2021-01-10,14,14,0,14,0,974,14,14,0,0,974
2021-01-11,28,27,1,27,1,1496,26,25,0.03571428571,0.03571428571,1426
2021-01-12,48,46,2,46,0,2547,43,41,0.04166666667,0,2547
2021-01-13,36,34,2,34,0,1858,34,32,0.05555555556,0,1858
2021-01-14,54,49,5,49,1,3274,47,43,0.09259259259,0.01851851852,3191
2021-01-15,47,42,5,42,0,2071,38,33,0.1063829787,0,2071
2021-01-16,27,24,3,24,1,1461,23,21,0.1111111111,0.03703703704,1406
2021-01-17,14,12,2,12,0,481,14,12,0.1428571429,0,481
2021-01-18,19,18,1,18,1,1223,18,17,0.05263157895,0.05263157895,1182
2021-01-19,49,45,4,45,0,3756,47,44,0.08163265306,0,3756
2021-01-20,96,84,12,84,1,6706,94,82,0.125,0.01041666667,6662
2021-01-21,52,50,2,50,0,4206,49,47,0.03846153846,0,4206
2021-01-22,100,93,7,93,2,5552,86,80,0.07,0.02,5413
2021-01-23,43,41,2,41,0,2747,42,40,0.04651162791,0,2747
2021-01-24,36,34,2,34,0,2408,35,33,0.05555555556,0,2408
2021-01-25,61,53,8,53,0,3353,58,50,0.131147541,0,3353
2021-01-26,55,22,33,22,0,1259,51,21,0.6,0,1259
2021-01-27,54,12,42,12,0,457,49,12,0.7777777778,0,457
2021-01-28,69,5,64,5,0,128,56,5,0.9275362319,0,128
2021-01-29,54,6,48,6,0,190,51,6,0.8888888889,0,190
2021-01-30,31,5,26,5,0,159,28,5,0.8387096774,0,159
2021-01-31,19,0,19,0,0,0,17,0,1,0,0
