scope,quantile,revenue_usd,item_quantity_sum_source
all_raw_events,0.0,0.0,0.0
all_raw_events,0.25,22.0,1.0
all_raw_events,0.5,44.0,2.0
all_raw_events,0.75,80.0,4.0
all_raw_events,0.9,134.0,8.0
all_raw_events,0.95,182.0,12.0
all_raw_events,0.99,355.5400000000009,32.0
all_raw_events,0.995,478.6350000000002,46.55500000000029
all_raw_events,1.0,1530.0,400.0
positive_merchandise_events,0.0,1.0,1.0
positive_merchandise_events,0.25,27.0,1.0
positive_merchandise_events,0.5,48.0,2.0
positive_merchandise_events,0.75,84.0,5.0
positive_merchandise_events,0.9,140.0,8.0
positive_merchandise_events,0.95,186.0,13.0
positive_merchandise_events,0.99,363.59000000000015,33.590000000000146
positive_merchandise_events,0.995,485.59000000000015,47.79500000000007
positive_merchandise_events,1.0,1530.0,400.0
candidate_repeat_collapsed_all,0.0,0.0,0.0
candidate_repeat_collapsed_all,0.25,22.0,1.0
candidate_repeat_collapsed_all,0.5,44.0,2.0
candidate_repeat_collapsed_all,0.75,80.0,4.0
candidate_repeat_collapsed_all,0.9,133.0,8.0
candidate_repeat_collapsed_all,0.95,182.0,12.0
candidate_repeat_collapsed_all,0.99,362.0,32.0
candidate_repeat_collapsed_all,0.995,484.28999999999905,47.0
candidate_repeat_collapsed_all,1.0,1530.0,400.0
candidate_repeat_collapsed_positive,0.0,1.0,1.0
candidate_repeat_collapsed_positive,0.25,27.0,1.0
candidate_repeat_collapsed_positive,0.5,48.0,2.0
candidate_repeat_collapsed_positive,0.75,84.0,5.0
candidate_repeat_collapsed_positive,0.9,140.0,8.0
candidate_repeat_collapsed_positive,0.95,186.0,13.0
candidate_repeat_collapsed_positive,0.99,374.15999999999985,33.789999999999964
candidate_repeat_collapsed_positive,0.995,515.5799999999981,48.0
candidate_repeat_collapsed_positive,1.0,1530.0,400.0
core_window_raw,0.0,0.0,0.0
core_window_raw,0.25,24.0,1.0
core_window_raw,0.5,44.0,2.0
core_window_raw,0.75,81.0,4.0
core_window_raw,0.9,133.0,8.0
core_window_raw,0.95,178.0,12.0
core_window_raw,0.99,375.03999999999996,32.0
core_window_raw,0.995,502.6399999999994,46.0
core_window_raw,1.0,1530.0,160.0
core_window_collapsed_positive,0.0,2.0,1.0
core_window_collapsed_positive,0.25,26.0,1.0
core_window_collapsed_positive,0.5,47.0,2.0
core_window_collapsed_positive,0.75,84.0,4.0
core_window_collapsed_positive,0.9,136.9000000000001,8.0
core_window_collapsed_positive,0.95,183.0,13.0
core_window_collapsed_positive,0.99,386.72000000000116,32.0
core_window_collapsed_positive,0.995,521.8150000000005,46.54500000000007
core_window_collapsed_positive,1.0,1530.0,160.0
