session_date,sessions,purchase_events,raw_revenue_usd,sessions_july,transactions,revenue_usd,sessions_delta,purchase_events_delta,revenue_delta
2020-11-01,2625,14,773.0,2625,14,773.0,0,0,0.0
2020-11-02,3726,49,4789.0,3726,49,4789.0,0,0,0.0
2020-11-03,5347,51,3497.0,5347,51,3497.0,0,0,0.0
2020-11-04,4325,44,2013.0,4325,44,2013.0,0,0,0.0
2020-11-05,3840,26,1792.0,3840,26,1792.0,0,0,0.0
2020-11-06,3319,58,3438.0,3319,58,3438.0,0,0,0.0
2020-11-07,2271,31,2531.0,2271,31,2531.0,0,0,0.0
2020-11-08,2163,32,3760.0,2163,32,3760.0,0,0,0.0
2020-11-09,3271,53,2181.0,3271,53,2181.0,0,0,0.0
2020-11-10,3824,63,4014.0,3824,63,4014.0,0,0,0.0
2020-11-11,3809,64,4428.0,3809,64,4428.0,0,0,0.0
2020-11-12,3693,54,3349.0,3693,54,3349.0,0,0,0.0
2020-11-13,3338,79,5831.0,3338,79,5831.0,0,0,0.0
2020-11-14,2360,30,2338.0,2360,30,2338.0,0,0,0.0
2020-11-15,2213,23,1553.0,2213,23,1553.0,0,0,0.0
2020-11-16,3532,67,4976.0,3532,67,4976.0,0,0,0.0
2020-11-17,4063,98,6227.0,4063,98,6227.0,0,0,0.0
2020-11-18,4126,68,4575.0,4126,68,4575.0,0,0,0.0
2020-11-19,4189,90,6668.0,4189,90,6668.0,0,0,0.0
2020-11-20,4127,114,8174.0,4127,114,8174.0,0,0,0.0
2020-11-21,3190,66,4038.0,3190,66,4038.0,0,0,0.0
2020-11-22,2687,60,3428.0,2687,60,3428.0,0,0,0.0
2020-11-23,3960,145,8864.0,3960,145,8864.0,0,0,0.0
2020-11-24,4422,145,10097.0,4422,145,10097.0,0,0,0.0
2020-11-25,4604,108,8094.0,4604,108,8094.0,0,0,0.0
2020-11-26,4177,57,4449.0,4177,57,4449.0,0,0,0.0
2020-11-27,3977,96,6439.0,3977,96,6439.0,0,0,0.0
2020-11-28,3387,77,6092.0,3387,77,6092.0,0,0,0.0
2020-11-29,3253,53,3938.0,3253,53,3938.0,0,0,0.0
2020-11-30,4583,140,11944.0,4583,140,11944.0,0,0,0.0
2020-12-01,4983,106,6228.0,4983,106,6228.0,0,0,0.0
2020-12-02,4801,83,5218.0,4801,83,5218.0,0,0,0.0
2020-12-03,5182,90,4324.0,5182,90,4324.0,0,0,0.0
2020-12-04,4714,96,6509.0,4714,96,6509.0,0,0,0.0
2020-12-05,3498,86,6321.0,3498,86,6321.0,0,0,0.0
2020-12-06,3327,43,2498.0,3327,43,2498.0,0,0,0.0
2020-12-07,5451,114,8800.0,5451,114,8800.0,0,0,0.0
2020-12-08,7562,117,8197.0,7562,117,8197.0,0,0,0.0
2020-12-09,6282,152,10997.0,6282,152,10997.0,0,0,0.0
2020-12-10,5993,145,10893.0,5993,145,10893.0,0,0,0.0
2020-12-11,5607,156,10129.0,5607,156,10129.0,0,0,0.0
2020-12-12,4135,107,6284.0,4135,107,6284.0,0,0,0.0
2020-12-13,3699,74,4421.0,3699,74,4421.0,0,0,0.0
2020-12-14,5098,99,8569.0,5098,99,8569.0,0,0,0.0
2020-12-15,5741,140,10280.0,5741,140,10280.0,0,0,0.0
2020-12-16,5528,141,10877.0,5528,141,10877.0,0,0,0.0
2020-12-17,5345,129,6933.0,5345,129,6933.0,0,0,0.0
2020-12-18,4824,106,6759.0,4824,106,6759.0,0,0,0.0
2020-12-19,3587,51,2459.0,3587,51,2459.0,0,0,0.0
2020-12-20,3288,19,1399.0,3288,19,1399.0,0,0,0.0
2020-12-21,4006,55,3552.0,4006,55,3552.0,0,0,0.0
2020-12-22,3838,58,3107.0,3838,58,3107.0,0,0,0.0
2020-12-23,3443,67,4418.0,3443,67,4418.0,0,0,0.0
2020-12-24,2798,23,1192.0,2798,23,1192.0,0,0,0.0
2020-12-25,2645,17,552.0,2645,17,552.0,0,0,0.0
2020-12-26,2676,17,734.0,2676,17,734.0,0,0,0.0
2020-12-27,2677,20,1161.0,2677,20,1161.0,0,0,0.0
2020-12-28,3356,37,2147.0,3356,37,2147.0,0,0,0.0
2020-12-29,3435,23,1368.0,3435,23,1368.0,0,0,0.0
2020-12-30,3213,37,1604.0,3213,37,1604.0,0,0,0.0
2020-12-31,2619,25,2595.0,2619,25,2595.0,0,0,0.0
2021-01-01,2308,14,975.0,2308,14,975.0,0,0,0.0
2021-01-02,2728,14,1026.0,2728,14,1026.0,0,0,0.0
2021-01-03,2785,15,653.0,2785,15,653.0,0,0,0.0
2021-01-04,3367,15,733.0,3367,15,733.0,0,0,0.0
2021-01-05,4485,30,1167.0,4485,30,1167.0,0,0,0.0
2021-01-06,5995,30,1976.0,5995,30,1976.0,0,0,0.0
2021-01-07,4660,27,1480.0,4660,27,1480.0,0,0,0.0
2021-01-08,4262,33,1671.0,4262,33,1671.0,0,0,0.0
2021-01-09,3258,20,1363.0,3258,20,1363.0,0,0,0.0
2021-01-10,3002,15,1012.0,3002,15,1012.0,0,0,0.0
2021-01-11,3953,27,1458.0,3953,27,1458.0,0,0,0.0
2021-01-12,4721,48,2547.0,4721,48,2547.0,0,0,0.0
2021-01-13,4570,36,1858.0,4570,36,1858.0,0,0,0.0
2021-01-14,4363,54,3274.0,4363,54,3274.0,0,0,0.0
2021-01-15,3935,47,2071.0,3935,47,2071.0,0,0,0.0
2021-01-16,3177,27,1461.0,3177,27,1461.0,0,0,0.0
2021-01-17,2988,14,481.0,2988,14,481.0,0,0,0.0
2021-01-18,3610,19,1223.0,3610,19,1223.0,0,0,0.0
2021-01-19,4187,49,3756.0,4187,49,3756.0,0,0,0.0
2021-01-20,4805,97,6809.0,4805,97,6809.0,0,0,0.0
2021-01-21,4687,53,4225.0,4687,53,4225.0,0,0,0.0
2021-01-22,4089,101,5621.0,4089,101,5621.0,0,0,0.0
2021-01-23,3132,41,2600.0,3132,41,2600.0,0,0,0.0
2021-01-24,2968,40,2732.0,2968,40,2732.0,0,0,0.0
2021-01-25,3906,60,3027.0,3906,60,3027.0,0,0,0.0
2021-01-26,4089,51,1217.0,4089,51,1217.0,0,0,0.0
2021-01-27,4599,55,457.0,4599,55,457.0,0,0,0.0
2021-01-28,4216,68,128.0,4216,68,128.0,0,0,0.0
2021-01-29,3791,56,190.0,3791,56,190.0,0,0,0.0
2021-01-30,2900,29,159.0,2900,29,159.0,0,0,0.0
2021-01-31,2841,19,0.0,2841,19,0.0,0,0,0.0
