session_date,sessions,observed_ids,view_sessions,checkout_after_view,purchase_after_view_checkout,checkout_sessions,purchase_after_checkout,purchase_events,raw_revenue_usd,checkout_purchase_rate,revenue_per_session
2020-11-01,2625,2365,537,94,13,95,13,14,773.0,0.1368421052631579,0.2944761904761905
2020-11-02,3726,3259,821,125,39,130,40,49,4789.0,0.3076923076923077,1.2852925389157273
2020-11-03,5347,4641,1010,140,46,144,48,51,3497.0,0.3333333333333333,0.6540115952870769
2020-11-04,4325,3720,879,117,28,118,28,44,2013.0,0.23728813559322035,0.4654335260115607
2020-11-05,3840,3268,878,125,26,127,26,26,1792.0,0.2047244094488189,0.4666666666666667
2020-11-06,3319,2806,852,152,47,154,48,58,3438.0,0.3116883116883117,1.0358541729436577
2020-11-07,2271,2001,589,111,28,111,28,31,2531.0,0.25225225225225223,1.1144870101276971
2020-11-08,2163,1913,498,99,30,100,31,32,3760.0,0.31,1.7383263985205732
2020-11-09,3271,2796,789,133,43,135,43,53,2181.0,0.31851851851851853,0.6667685723020483
2020-11-10,3824,3252,951,172,61,173,62,63,4014.0,0.3583815028901734,1.0496861924686192
2020-11-11,3809,3288,943,163,62,163,62,64,4428.0,0.3803680981595092,1.1625098451037017
2020-11-12,3693,3174,947,166,49,169,51,54,3349.0,0.30177514792899407,0.9068507988085567
2020-11-13,3338,2856,854,181,65,186,69,79,5831.0,0.3709677419354839,1.7468544038346314
2020-11-14,2360,2071,585,106,29,106,29,30,2338.0,0.27358490566037735,0.9906779661016949
2020-11-15,2213,1957,497,109,23,110,23,23,1553.0,0.20909090909090908,0.701762313601446
2020-11-16,3532,3077,875,163,65,165,67,67,4976.0,0.40606060606060607,1.4088335220838053
2020-11-17,4063,3438,1078,200,85,200,85,98,6227.0,0.425,1.5326113709081959
2020-11-18,4126,3500,1028,155,48,159,50,68,4575.0,0.31446540880503143,1.1088221037324284
2020-11-19,4189,3559,1063,125,47,127,47,90,6668.0,0.3700787401574803,1.5917880162329912
2020-11-20,4127,3467,1094,161,62,161,62,114,8174.0,0.38509316770186336,1.980615459171311
2020-11-21,3190,2748,814,125,34,125,34,66,4038.0,0.272,1.2658307210031348
2020-11-22,2687,2357,670,109,29,109,29,60,3428.0,0.26605504587155965,1.2757722366951991
2020-11-23,3960,3415,952,169,62,172,64,145,8864.0,0.37209302325581395,2.2383838383838386
2020-11-24,4422,3805,1129,207,95,210,97,145,10097.0,0.46190476190476193,2.283355947535052
2020-11-25,4604,3979,1189,218,82,225,85,108,8094.0,0.37777777777777777,1.758036490008688
2020-11-26,4177,3618,896,186,54,191,56,57,4449.0,0.2931937172774869,1.06511850610486
2020-11-27,3977,3507,874,193,89,194,89,96,6439.0,0.4587628865979381,1.6190595926577822
2020-11-28,3387,3002,755,158,74,159,74,77,6092.0,0.46540880503144655,1.798641865958075
2020-11-29,3253,2881,708,126,49,127,50,53,3938.0,0.3937007874015748,1.2105748539809407
2020-11-30,4583,3966,1191,239,125,241,126,140,11944.0,0.5228215767634855,2.6061531747763476
2020-12-01,4983,4293,1263,225,94,231,99,106,6228.0,0.42857142857142855,1.2498494882600844
2020-12-02,4801,4095,1210,201,73,209,76,83,5218.0,0.36363636363636365,1.0868569048114975
2020-12-03,5182,4452,1344,217,81,228,85,90,4324.0,0.37280701754385964,0.8344268622153609
2020-12-04,4714,4123,1186,190,81,198,86,96,6509.0,0.43434343434343436,1.3807806533729317
2020-12-05,3498,3072,822,168,74,172,76,86,6321.0,0.4418604651162791,1.8070325900514579
2020-12-06,3327,2941,766,137,41,140,41,43,2498.0,0.29285714285714287,0.7508265704839194
2020-12-07,5451,4702,1216,193,88,204,94,114,8800.0,0.46078431372549017,1.6143826820766831
2020-12-08,7562,6673,1443,258,102,266,107,117,8197.0,0.40225563909774437,1.0839724940491933
2020-12-09,6282,5525,1269,252,130,258,133,152,10997.0,0.5155038759689923,1.750557147405285
2020-12-10,5993,5230,1413,257,124,267,130,145,10893.0,0.4868913857677903,1.8176205573168698
2020-12-11,5607,4943,1281,248,138,260,145,156,10129.0,0.5576923076923077,1.8064918851435705
2020-12-12,4135,3744,880,188,97,192,100,107,6284.0,0.5208333333333334,1.5197097944377267
2020-12-13,3699,3394,719,132,60,135,63,74,4421.0,0.4666666666666667,1.1951878886185456
2020-12-14,5098,4545,1065,182,83,187,86,99,8569.0,0.45989304812834225,1.6808552373479797
2020-12-15,5741,4983,1244,184,110,193,119,140,10280.0,0.616580310880829,1.7906288103117924
2020-12-16,5528,4811,1183,176,112,183,115,141,10877.0,0.6284153005464481,1.9676193921852387
2020-12-17,5345,4705,1250,154,94,157,94,129,6933.0,0.5987261146496815,1.2971000935453696
2020-12-18,4824,4248,1057,143,74,153,78,106,6759.0,0.5098039215686274,1.4011194029850746
2020-12-19,3587,3229,724,85,37,90,39,51,2459.0,0.43333333333333335,0.6855310844717034
2020-12-20,3288,2963,556,50,18,52,18,19,1399.0,0.34615384615384615,0.4254866180048662
2020-12-21,4006,3618,820,85,47,89,50,55,3552.0,0.5617977528089888,0.8866699950074888
2020-12-22,3838,3399,910,93,52,96,55,58,3107.0,0.5729166666666666,0.8095362167795727
2020-12-23,3443,3119,726,91,53,92,53,67,4418.0,0.5760869565217391,1.2831832704037176
2020-12-24,2798,2595,477,39,22,39,22,23,1192.0,0.5641025641025641,0.4260185847033595
2020-12-25,2645,2489,361,36,17,36,17,17,552.0,0.4722222222222222,0.20869565217391303
2020-12-26,2676,2471,409,24,15,25,16,17,734.0,0.64,0.2742899850523169
2020-12-27,2677,2491,412,39,20,39,20,20,1161.0,0.5128205128205128,0.4336944340679866
2020-12-28,3356,3042,538,47,33,48,33,37,2147.0,0.6875,0.6397497020262217
2020-12-29,3435,3121,531,40,20,42,21,23,1368.0,0.5,0.3982532751091703
2020-12-30,3213,2953,513,34,18,38,21,37,1604.0,0.5526315789473685,0.4992219109866169
2020-12-31,2619,2435,383,41,21,43,22,25,2595.0,0.5116279069767442,0.9908361970217641
2021-01-01,2308,2157,321,25,12,26,12,14,975.0,0.46153846153846156,0.4224436741767764
2021-01-02,2728,2577,405,30,13,32,14,14,1026.0,0.4375,0.37609970674486803
2021-01-03,2785,2574,420,32,15,32,15,15,653.0,0.46875,0.23447037701974865
2021-01-04,3367,3076,525,29,15,30,15,15,733.0,0.5,0.2177012177012177
2021-01-05,4485,4094,701,54,28,54,28,30,1167.0,0.5185185185185185,0.2602006688963211
2021-01-06,5995,5479,802,62,26,65,27,30,1976.0,0.4153846153846154,0.32960800667222684
2021-01-07,4660,4167,768,57,25,62,26,27,1480.0,0.41935483870967744,0.31759656652360513
2021-01-08,4262,3800,671,59,32,62,33,33,1671.0,0.532258064516129,0.3920694509619897
2021-01-09,3258,2953,520,38,18,39,18,20,1363.0,0.46153846153846156,0.4183548189073051
2021-01-10,3002,2771,449,31,14,33,15,15,1012.0,0.45454545454545453,0.33710859427048634
2021-01-11,3953,3602,683,55,25,56,26,27,1458.0,0.4642857142857143,0.36883379711611436
2021-01-12,4721,4187,846,77,42,79,43,48,2547.0,0.5443037974683544,0.53950434230036
2021-01-13,4570,4126,772,83,34,85,35,36,1858.0,0.4117647058823529,0.40656455142231945
2021-01-14,4363,3901,846,81,46,83,47,54,3274.0,0.5662650602409639,0.75040110016044
2021-01-15,3935,3549,716,68,37,70,38,47,2071.0,0.5428571428571428,0.5263024142312579
2021-01-16,3177,2889,532,50,24,51,24,27,1461.0,0.47058823529411764,0.45986779981114256
2021-01-17,2988,2713,455,35,14,35,14,14,481.0,0.4,0.1609772423025435
2021-01-18,3610,3221,517,42,16,47,18,19,1223.0,0.3829787234042553,0.33878116343490305
2021-01-19,4187,3710,838,84,46,85,47,49,3756.0,0.5529411764705883,0.8970623358012897
2021-01-20,4805,4216,1193,136,89,143,95,97,6809.0,0.6643356643356644,1.4170655567117585
2021-01-21,4687,4191,1409,104,49,107,50,53,4225.0,0.4672897196261682,0.9014294858118199
2021-01-22,4089,3597,1147,148,85,155,89,101,5621.0,0.5741935483870968,1.3746637319638053
2021-01-23,3132,2817,739,74,38,78,41,41,2600.0,0.5256410256410257,0.8301404853128991
2021-01-24,2968,2692,641,67,33,69,35,40,2732.0,0.5072463768115942,0.9204851752021563
2021-01-25,3906,3498,944,80,55,84,58,60,3027.0,0.6904761904761905,0.7749615975422427
2021-01-26,4089,3579,963,83,47,87,49,51,1217.0,0.5632183908045977,0.297627781853754
2021-01-27,4599,4015,1191,110,45,120,51,55,457.0,0.425,0.09936942813655142
2021-01-28,4216,3728,1031,85,54,89,55,68,128.0,0.6179775280898876,0.030360531309297913
2021-01-29,3791,3381,884,88,50,93,53,56,190.0,0.5698924731182796,0.05011870218939594
2021-01-30,2900,2605,605,50,26,51,26,29,159.0,0.5098039215686274,0.05482758620689655
2021-01-31,2841,2539,569,54,17,56,18,19,0.0,0.32142857142857145,0.0
