device_category,first_user_source,sessions,view_sessions,checkout_sessions,ordered_purchases,checkout_purchase_rate,checkout_session_revenue_usd,revenue_per_checkout_session
desktop,(data deleted),12857,3282,689,399,0.579100145137881,28932.0,41.99129172714078
desktop,(direct),48651,10402,1464,618,0.42213114754098363,45813.0,31.293032786885245
desktop,<Other>,56482,11764,1604,630,0.39276807980049877,50445.0,31.449501246882793
desktop,google,74262,15571,2008,785,0.39093625498007967,58074.0,28.921314741035857
desktop,shop.googlemerchandisestore.com,16690,3800,627,316,0.5039872408293461,25551.0,40.751196172248804
mobile,(data deleted),8900,2263,471,282,0.5987261146496815,20305.0,43.1104033970276
mobile,(direct),32968,6910,994,435,0.43762575452716296,32451.0,32.64688128772636
mobile,<Other>,38627,7990,1056,429,0.40625,29464.0,27.901515151515152
mobile,google,51181,10667,1472,593,0.40285326086956524,44828.0,30.453804347826086
mobile,shop.googlemerchandisestore.com,11509,2671,481,254,0.5280665280665281,19720.0,40.997920997921
tablet,(data deleted),479,112,25,16,0.64,827.0,33.08
tablet,(direct),1840,366,57,25,0.43859649122807015,1386.0,24.31578947368421
tablet,<Other>,2180,467,54,24,0.4444444444444444,1190.0,22.037037037037038
tablet,google,2853,592,77,24,0.3116883116883117,1929.0,25.051948051948052
tablet,shop.googlemerchandisestore.com,650,163,27,15,0.5555555555555556,1250.0,46.2962962962963
