delta_day,retained,cohort,retention_rate
0,71734,71734,1.0
1,3869,71734,0.053935372347840634
2,1357,71734,0.01891711043577662
3,948,71734,0.013215490562355369
4,695,71734,0.009688571667549557
5,689,71734,0.009604929322218195
6,597,71734,0.008322413360470628
7,676,71734,0.009423704240666908
8,437,71734,0.006091950818300945
9,367,71734,0.005116123456101709
10,302,71734,0.004209998048345275
11,328,71734,0.004572448211447849
12,282,71734,0.003931190230574065
13,327,71734,0.004558507820559289
14,351,71734,0.004893077201884741
