cohort_date,delta_day,activity_date,active_size,cohort_size,active_perc,retention_rate
2020-11-01,0,2020-11-01,1946,1946,1.0,1.0
2020-11-01,1,2020-11-02,68,1946,0.0349434737923946,0.03494347379239465
2020-11-01,2,2020-11-03,22,1946,0.0113052415210688,0.011305241521068859
2020-11-01,3,2020-11-04,13,1946,0.0066803699897225,0.006680369989722507
2020-11-01,4,2020-11-05,12,1946,0.0061664953751284,0.006166495375128468
2020-11-01,5,2020-11-06,12,1946,0.0061664953751284,0.006166495375128468
2020-11-01,6,2020-11-07,11,1946,0.0056526207605344,0.005652620760534429
2020-11-01,7,2020-11-08,11,1946,0.0056526207605344,0.005652620760534429
2020-11-01,8,2020-11-09,3,1946,0.0015416238437821,0.001541623843782117
2020-11-01,9,2020-11-10,5,1946,0.0025693730729701,0.0025693730729701952
2020-11-01,10,2020-11-11,9,1946,0.0046248715313463,0.0046248715313463515
2020-11-01,11,2020-11-12,8,1946,0.0041109969167523,0.0041109969167523125
2020-11-01,12,2020-11-13,3,1946,0.0015416238437821,0.001541623843782117
2020-11-01,13,2020-11-14,4,1946,0.0020554984583761,0.0020554984583761563
2020-11-01,14,2020-11-15,9,1946,0.0046248715313463,0.0046248715313463515
2020-11-02,0,2020-11-02,2485,2485,1.0,1.0
2020-11-02,1,2020-11-03,134,2485,0.0539235412474849,0.053923541247484906
2020-11-02,2,2020-11-04,54,2485,0.0217303822937625,0.021730382293762576
2020-11-02,3,2020-11-05,36,2485,0.014486921529175,0.01448692152917505
2020-11-02,4,2020-11-06,22,2485,0.0088531187122736,0.008853118712273641
2020-11-02,5,2020-11-07,9,2485,0.0036217303822937,0.0036217303822937627
2020-11-02,6,2020-11-08,8,2485,0.0032193158953722,0.0032193158953722333
2020-11-02,7,2020-11-09,15,2485,0.0060362173038229,0.006036217303822937
2020-11-02,8,2020-11-10,16,2485,0.0064386317907444,0.006438631790744467
2020-11-02,9,2020-11-11,12,2485,0.0048289738430583,0.00482897384305835
2020-11-02,10,2020-11-12,15,2485,0.0060362173038229,0.006036217303822937
2020-11-02,11,2020-11-13,11,2485,0.0044265593561368,0.004426559356136821
2020-11-02,12,2020-11-14,3,2485,0.0012072434607645,0.0012072434607645875
2020-11-02,13,2020-11-15,4,2485,0.0016096579476861,0.0016096579476861167
2020-11-02,14,2020-11-16,11,2485,0.0044265593561368,0.004426559356136821
2020-11-03,0,2020-11-03,3665,3665,1.0,1.0
2020-11-03,1,2020-11-04,193,3665,0.0526603001364256,0.05266030013642565
2020-11-03,2,2020-11-05,67,3665,0.0182810368349249,0.018281036834924966
2020-11-03,3,2020-11-06,46,3665,0.0125511596180081,0.012551159618008186
2020-11-03,4,2020-11-07,16,3665,0.0043656207366985,0.0043656207366985
2020-11-03,5,2020-11-08,13,3665,0.0035470668485675,0.0035470668485675307
2020-11-03,6,2020-11-09,21,3665,0.0057298772169167,0.00572987721691678
2020-11-03,7,2020-11-10,27,3665,0.0073669849931787,0.007366984993178717
2020-11-03,8,2020-11-11,15,3665,0.0040927694406548,0.004092769440654843
2020-11-03,9,2020-11-12,18,3665,0.0049113233287858,0.0049113233287858115
2020-11-03,10,2020-11-13,15,3665,0.0040927694406548,0.004092769440654843
2020-11-03,11,2020-11-14,3,3665,0.0008185538881309,0.0008185538881309686
2020-11-03,12,2020-11-15,0,3665,0.0,0.0
2020-11-03,13,2020-11-16,11,3665,0.0030013642564802,0.0030013642564802184
2020-11-03,14,2020-11-17,14,3665,0.0038199181446111,0.003819918144611187
2020-11-04,0,2020-11-04,2847,2847,1.0,1.0
2020-11-04,1,2020-11-05,148,2847,0.05198454513523,0.05198454513523006
2020-11-04,2,2020-11-06,58,2847,0.0203723217421847,0.020372321742184757
2020-11-04,3,2020-11-07,26,2847,0.0091324200913242,0.0091324200913242
2020-11-04,4,2020-11-08,23,2847,0.008078679311556,0.008078679311556024
2020-11-04,5,2020-11-09,31,2847,0.0108886547242711,0.010888654724271163
2020-11-04,6,2020-11-10,29,2847,0.0101861608710923,0.010186160871092378
2020-11-04,7,2020-11-11,32,2847,0.0112399016508605,0.011239901650860555
2020-11-04,8,2020-11-12,15,2847,0.0052687038988408,0.005268703898840885
2020-11-04,9,2020-11-13,13,2847,0.0045662100456621,0.0045662100456621
2020-11-04,10,2020-11-14,7,2847,0.0024587284861257,0.0024587284861257463
2020-11-04,11,2020-11-15,8,2847,0.0028099754127151,0.0028099754127151387
2020-11-04,12,2020-11-16,19,2847,0.0066736916051984,0.0066736916051984545
2020-11-04,13,2020-11-17,10,2847,0.0035124692658939,0.0035124692658939235
2020-11-04,14,2020-11-18,11,2847,0.0038637161924833,0.003863716192483316
2020-11-05,0,2020-11-05,2412,2412,1.0,1.0
2020-11-05,1,2020-11-06,133,2412,0.0551409618573797,0.05514096185737977
2020-11-05,2,2020-11-07,24,2412,0.0099502487562189,0.009950248756218905
2020-11-05,3,2020-11-08,19,2412,0.0078772802653399,0.007877280265339967
2020-11-05,4,2020-11-09,24,2412,0.0099502487562189,0.009950248756218905
2020-11-05,5,2020-11-10,41,2412,0.0169983416252072,0.016998341625207296
2020-11-05,6,2020-11-11,35,2412,0.0145107794361525,0.01451077943615257
2020-11-05,7,2020-11-12,23,2412,0.0095356550580431,0.009535655058043118
2020-11-05,8,2020-11-13,8,2412,0.0033167495854063,0.003316749585406302
2020-11-05,9,2020-11-14,12,2412,0.0049751243781094,0.004975124378109453
2020-11-05,10,2020-11-15,5,2412,0.0020729684908789,0.0020729684908789387
2020-11-05,11,2020-11-16,8,2412,0.0033167495854063,0.003316749585406302
2020-11-05,12,2020-11-17,13,2412,0.0053897180762852,0.00538971807628524
2020-11-05,13,2020-11-18,5,2412,0.0020729684908789,0.0020729684908789387
2020-11-05,14,2020-11-19,6,2412,0.0024875621890547,0.0024875621890547263
2020-11-06,0,2020-11-06,2025,2025,1.0,1.0
2020-11-06,1,2020-11-07,87,2025,0.0429629629629629,0.04296296296296296
2020-11-06,2,2020-11-08,33,2025,0.0162962962962962,0.016296296296296295
2020-11-06,3,2020-11-09,46,2025,0.022716049382716,0.02271604938271605
2020-11-06,4,2020-11-10,35,2025,0.0172839506172839,0.01728395061728395
2020-11-06,5,2020-11-11,24,2025,0.0118518518518518,0.011851851851851851
2020-11-06,6,2020-11-12,17,2025,0.008395061728395,0.008395061728395062
2020-11-06,7,2020-11-13,22,2025,0.0108641975308641,0.010864197530864197
2020-11-06,8,2020-11-14,12,2025,0.0059259259259259,0.005925925925925926
2020-11-06,9,2020-11-15,3,2025,0.0014814814814814,0.0014814814814814814
2020-11-06,10,2020-11-16,8,2025,0.0039506172839506,0.003950617283950617
2020-11-06,11,2020-11-17,16,2025,0.0079012345679012,0.007901234567901235
2020-11-06,12,2020-11-18,12,2025,0.0059259259259259,0.005925925925925926
2020-11-06,13,2020-11-19,6,2025,0.0029629629629629,0.002962962962962963
2020-11-06,14,2020-11-20,14,2025,0.0069135802469135,0.006913580246913581
2020-11-07,0,2020-11-07,1546,1546,1.0,1.0
2020-11-07,1,2020-11-08,70,1546,0.0452781371280724,0.045278137128072445
2020-11-07,2,2020-11-09,35,1546,0.0226390685640362,0.022639068564036222
2020-11-07,3,2020-11-10,23,1546,0.0148771021992238,0.014877102199223804
2020-11-07,4,2020-11-11,9,1546,0.0058214747736093,0.005821474773609315
2020-11-07,5,2020-11-12,10,1546,0.0064683053040103,0.00646830530401035
2020-11-07,6,2020-11-13,7,1546,0.0045278137128072,0.004527813712807244
2020-11-07,7,2020-11-14,13,1546,0.0084087968952134,0.008408796895213453
2020-11-07,8,2020-11-15,4,1546,0.0025873221216041,0.00258732212160414
2020-11-07,9,2020-11-16,2,1546,0.001293661060802,0.00129366106080207
2020-11-07,10,2020-11-17,7,1546,0.0045278137128072,0.004527813712807244
2020-11-07,11,2020-11-18,6,1546,0.0038809831824062,0.0038809831824062097
2020-11-07,12,2020-11-19,7,1546,0.0045278137128072,0.004527813712807244
2020-11-07,13,2020-11-20,10,1546,0.0064683053040103,0.00646830530401035
2020-11-07,14,2020-11-21,5,1546,0.0032341526520051,0.003234152652005175
2020-11-08,0,2020-11-08,1520,1520,1.0,1.0
2020-11-08,1,2020-11-09,91,1520,0.0598684210526315,0.05986842105263158
2020-11-08,2,2020-11-10,36,1520,0.0236842105263157,0.02368421052631579
2020-11-08,3,2020-11-11,11,1520,0.0072368421052631,0.007236842105263158
2020-11-08,4,2020-11-12,13,1520,0.0085526315789473,0.008552631578947369
2020-11-08,5,2020-11-13,9,1520,0.0059210526315789,0.0059210526315789476
2020-11-08,6,2020-11-14,4,1520,0.0026315789473684,0.002631578947368421
2020-11-08,7,2020-11-15,9,1520,0.0059210526315789,0.0059210526315789476
2020-11-08,8,2020-11-16,10,1520,0.006578947368421,0.006578947368421052
2020-11-08,9,2020-11-17,6,1520,0.0039473684210526,0.003947368421052632
2020-11-08,10,2020-11-18,5,1520,0.0032894736842105,0.003289473684210526
2020-11-08,11,2020-11-19,5,1520,0.0032894736842105,0.003289473684210526
2020-11-08,12,2020-11-20,2,1520,0.0013157894736842,0.0013157894736842105
2020-11-08,13,2020-11-21,1,1520,0.0006578947368421,0.0006578947368421052
2020-11-08,14,2020-11-22,5,1520,0.0032894736842105,0.003289473684210526
2020-11-09,0,2020-11-09,2085,2085,1.0,1.0
2020-11-09,1,2020-11-10,105,2085,0.0503597122302158,0.050359712230215826
2020-11-09,2,2020-11-11,49,2085,0.0235011990407673,0.023501199040767386
2020-11-09,3,2020-11-12,34,2085,0.0163069544364508,0.01630695443645084
2020-11-09,4,2020-11-13,24,2085,0.0115107913669064,0.011510791366906475
2020-11-09,5,2020-11-14,13,2085,0.0062350119904076,0.006235011990407674
2020-11-09,6,2020-11-15,14,2085,0.0067146282973621,0.00671462829736211
2020-11-09,7,2020-11-16,43,2085,0.0206235011990407,0.02062350119904077
2020-11-09,8,2020-11-17,20,2085,0.0095923261390887,0.009592326139088728
2020-11-09,9,2020-11-18,16,2085,0.0076738609112709,0.007673860911270983
2020-11-09,10,2020-11-19,13,2085,0.0062350119904076,0.006235011990407674
2020-11-09,11,2020-11-20,14,2085,0.0067146282973621,0.00671462829736211
2020-11-09,12,2020-11-21,5,2085,0.0023980815347721,0.002398081534772182
2020-11-09,13,2020-11-22,12,2085,0.0057553956834532,0.0057553956834532375
2020-11-09,14,2020-11-23,13,2085,0.0062350119904076,0.006235011990407674
2020-11-10,0,2020-11-10,2452,2452,1.0,1.0
2020-11-10,1,2020-11-11,162,2452,0.066068515497553,0.06606851549755302
2020-11-10,2,2020-11-12,65,2452,0.0265089722675367,0.026508972267536703
2020-11-10,3,2020-11-13,32,2452,0.0130505709624796,0.013050570962479609
2020-11-10,4,2020-11-14,14,2452,0.0057096247960848,0.005709624796084829
2020-11-10,5,2020-11-15,16,2452,0.0065252854812398,0.0065252854812398045
2020-11-10,6,2020-11-16,27,2452,0.0110114192495921,0.01101141924959217
2020-11-10,7,2020-11-17,33,2452,0.013458401305057,0.013458401305057096
2020-11-10,8,2020-11-18,22,2452,0.0089722675367047,0.00897226753670473
2020-11-10,9,2020-11-19,24,2452,0.0097879282218597,0.009787928221859706
2020-11-10,10,2020-11-20,18,2452,0.0073409461663947,0.00734094616639478
2020-11-10,11,2020-11-21,12,2452,0.0048939641109298,0.004893964110929853
2020-11-10,12,2020-11-22,4,2452,0.0016313213703099,0.0016313213703099511
2020-11-10,13,2020-11-23,16,2452,0.0065252854812398,0.0065252854812398045
2020-11-10,14,2020-11-24,13,2452,0.0053017944535073,0.005301794453507341
2020-11-11,0,2020-11-11,2443,2443,1.0,1.0
2020-11-11,1,2020-11-12,168,2443,0.0687679083094555,0.06876790830945559
2020-11-11,2,2020-11-13,42,2443,0.0171919770773638,0.017191977077363897
2020-11-11,3,2020-11-14,16,2443,0.0065493246009005,0.006549324600900532
2020-11-11,4,2020-11-15,16,2443,0.0065493246009005,0.006549324600900532
2020-11-11,5,2020-11-16,29,2443,0.0118706508391322,0.011870650839132215
2020-11-11,6,2020-11-17,28,2443,0.0114613180515759,0.011461318051575931
2020-11-11,7,2020-11-18,33,2443,0.0135079819893573,0.013507981989357348
2020-11-11,8,2020-11-19,31,2443,0.0126893164142447,0.012689316414244782
2020-11-11,9,2020-11-20,21,2443,0.0085959885386819,0.008595988538681949
2020-11-11,10,2020-11-21,4,2443,0.0016373311502251,0.001637331150225133
2020-11-11,11,2020-11-22,9,2443,0.0036839950880065,0.0036839950880065493
2020-11-11,12,2020-11-23,15,2443,0.0061399918133442,0.006139991813344249
2020-11-11,13,2020-11-24,19,2443,0.0077773229635693,0.007777322963569382
2020-11-11,14,2020-11-25,15,2443,0.0061399918133442,0.006139991813344249
2020-11-12,0,2020-11-12,2272,2272,1.0,1.0
2020-11-12,1,2020-11-13,108,2272,0.0475352112676056,0.04753521126760563
2020-11-12,2,2020-11-14,35,2272,0.0154049295774647,0.015404929577464789
2020-11-12,3,2020-11-15,20,2272,0.0088028169014084,0.008802816901408451
2020-11-12,4,2020-11-16,35,2272,0.0154049295774647,0.015404929577464789
2020-11-12,5,2020-11-17,36,2272,0.0158450704225352,0.01584507042253521
2020-11-12,6,2020-11-18,24,2272,0.0105633802816901,0.01056338028169014
2020-11-12,7,2020-11-19,22,2272,0.0096830985915492,0.009683098591549295
2020-11-12,8,2020-11-20,10,2272,0.0044014084507042,0.0044014084507042256
2020-11-12,9,2020-11-21,9,2272,0.0039612676056338,0.003961267605633803
2020-11-12,10,2020-11-22,5,2272,0.0022007042253521,0.0022007042253521128
2020-11-12,11,2020-11-23,15,2272,0.0066021126760563,0.006602112676056338
2020-11-12,12,2020-11-24,20,2272,0.0088028169014084,0.008802816901408451
2020-11-12,13,2020-11-25,10,2272,0.0044014084507042,0.0044014084507042256
2020-11-12,14,2020-11-26,18,2272,0.0079225352112676,0.007922535211267605
2020-11-13,0,2020-11-13,2150,2150,1.0,1.0
2020-11-13,1,2020-11-14,85,2150,0.0395348837209302,0.03953488372093023
2020-11-13,2,2020-11-15,35,2150,0.0162790697674418,0.01627906976744186
2020-11-13,3,2020-11-16,48,2150,0.0223255813953488,0.022325581395348838
2020-11-13,4,2020-11-17,38,2150,0.0176744186046511,0.017674418604651163
2020-11-13,5,2020-11-18,34,2150,0.015813953488372,0.01581395348837209
2020-11-13,6,2020-11-19,24,2150,0.0111627906976744,0.011162790697674419
2020-11-13,7,2020-11-20,34,2150,0.015813953488372,0.01581395348837209
2020-11-13,8,2020-11-21,12,2150,0.0055813953488372,0.005581395348837209
2020-11-13,9,2020-11-22,6,2150,0.0027906976744186,0.0027906976744186047
2020-11-13,10,2020-11-23,9,2150,0.0041860465116279,0.004186046511627907
2020-11-13,11,2020-11-24,11,2150,0.0051162790697674,0.0051162790697674414
2020-11-13,12,2020-11-25,12,2150,0.0055813953488372,0.005581395348837209
2020-11-13,13,2020-11-26,10,2150,0.0046511627906976,0.004651162790697674
2020-11-13,14,2020-11-27,9,2150,0.0041860465116279,0.004186046511627907
2020-11-14,0,2020-11-14,1622,1622,1.0,1.0
2020-11-14,1,2020-11-15,76,1622,0.0468557336621455,0.0468557336621455
2020-11-14,2,2020-11-16,33,1622,0.0203452527743526,0.020345252774352653
2020-11-14,3,2020-11-17,21,1622,0.0129469790382244,0.012946979038224414
2020-11-14,4,2020-11-18,17,1622,0.0104808877928483,0.010480887792848335
2020-11-14,5,2020-11-19,16,1622,0.0098643649815043,0.009864364981504316
2020-11-14,6,2020-11-20,13,1622,0.0080147965474722,0.008014796547472256
2020-11-14,7,2020-11-21,11,1622,0.0067817509247842,0.006781750924784217
2020-11-14,8,2020-11-22,10,1622,0.0061652281134401,0.006165228113440197
2020-11-14,9,2020-11-23,9,1622,0.0055487053020961,0.005548705302096177
2020-11-14,10,2020-11-24,7,1622,0.0043156596794081,0.004315659679408138
2020-11-14,11,2020-11-25,7,1622,0.0043156596794081,0.004315659679408138
2020-11-14,12,2020-11-26,4,1622,0.002466091245376,0.002466091245376079
2020-11-14,13,2020-11-27,2,1622,0.001233045622688,0.0012330456226880395
2020-11-14,14,2020-11-28,3,1622,0.001849568434032,0.0018495684340320592
2020-11-15,0,2020-11-15,1566,1566,1.0,1.0
2020-11-15,1,2020-11-16,86,1566,0.0549169859514687,0.05491698595146871
2020-11-15,2,2020-11-17,32,1566,0.020434227330779,0.020434227330779056
2020-11-15,3,2020-11-18,29,1566,0.0185185185185185,0.018518518518518517
2020-11-15,4,2020-11-19,14,1566,0.0089399744572158,0.008939974457215836
2020-11-15,5,2020-11-20,11,1566,0.0070242656449553,0.0070242656449553
2020-11-15,6,2020-11-21,12,1566,0.0076628352490421,0.007662835249042145
2020-11-15,7,2020-11-22,10,1566,0.0063856960408684,0.006385696040868455
2020-11-15,8,2020-11-23,8,1566,0.0051085568326947,0.005108556832694764
2020-11-15,9,2020-11-24,6,1566,0.003831417624521,0.0038314176245210726
2020-11-15,10,2020-11-25,4,1566,0.0025542784163473,0.002554278416347382
2020-11-15,11,2020-11-26,4,1566,0.0025542784163473,0.002554278416347382
2020-11-15,12,2020-11-27,6,1566,0.003831417624521,0.0038314176245210726
2020-11-15,13,2020-11-28,9,1566,0.0057471264367816,0.005747126436781609
2020-11-15,14,2020-11-29,8,1566,0.0051085568326947,0.005108556832694764
2020-11-16,0,2020-11-16,2334,2334,1.0,1.0
2020-11-16,1,2020-11-17,165,2334,0.0706940874035989,0.07069408740359898
2020-11-16,2,2020-11-18,57,2334,0.0244215938303341,0.02442159383033419
2020-11-16,3,2020-11-19,33,2334,0.0141388174807197,0.014138817480719794
2020-11-16,4,2020-11-20,23,2334,0.0098543273350471,0.00985432733504713
2020-11-16,5,2020-11-21,19,2334,0.008140531276778,0.008140531276778063
2020-11-16,6,2020-11-22,17,2334,0.0072836332476435,0.00728363324764353
2020-11-16,7,2020-11-23,19,2334,0.008140531276778,0.008140531276778063
2020-11-16,8,2020-11-24,16,2334,0.0068551842330762,0.006855184233076264
2020-11-16,9,2020-11-25,17,2334,0.0072836332476435,0.00728363324764353
2020-11-16,10,2020-11-26,21,2334,0.0089974293059125,0.008997429305912597
2020-11-16,11,2020-11-27,16,2334,0.0068551842330762,0.006855184233076264
2020-11-16,12,2020-11-28,8,2334,0.0034275921165381,0.003427592116538132
2020-11-16,13,2020-11-29,11,2334,0.0047129391602399,0.004712939160239932
2020-11-16,14,2020-11-30,12,2334,0.0051413881748071,0.005141388174807198
2020-11-17,0,2020-11-17,2561,2561,1.0,1.0
2020-11-17,1,2020-11-18,163,2561,0.0636470128855915,0.06364701288559156
2020-11-17,2,2020-11-19,75,2561,0.0292854353768059,0.029285435376805936
2020-11-17,3,2020-11-20,45,2561,0.0175712612260835,0.017571261226083563
2020-11-17,4,2020-11-21,29,2561,0.0113237016790316,0.011323701679031628
2020-11-17,5,2020-11-22,25,2561,0.0097618117922686,0.009761811792268645
2020-11-17,6,2020-11-23,24,2561,0.0093713393205778,0.009371339320577899
2020-11-17,7,2020-11-24,34,2561,0.0132760640374853,0.013276064037485357
2020-11-17,8,2020-11-25,29,2561,0.0113237016790316,0.011323701679031628
2020-11-17,9,2020-11-26,13,2561,0.0050761421319796,0.005076142131979695
2020-11-17,10,2020-11-27,5,2561,0.0019523623584537,0.001952362358453729
2020-11-17,11,2020-11-28,15,2561,0.0058570870753611,0.005857087075361187
2020-11-17,12,2020-11-29,12,2561,0.0046856696602889,0.004685669660288949
2020-11-17,13,2020-11-30,16,2561,0.0062475595470519,0.006247559547051933
2020-11-17,14,2020-12-01,20,2561,0.0078094494338149,0.007809449433814916
2020-11-18,0,2020-11-18,2636,2636,1.0,1.0
2020-11-18,1,2020-11-19,171,2636,0.0648710166919575,0.06487101669195751
2020-11-18,2,2020-11-20,51,2636,0.0193474962063732,0.019347496206373292
2020-11-18,3,2020-11-21,26,2636,0.0098634294385432,0.009863429438543247
2020-11-18,4,2020-11-22,16,2636,0.0060698027314112,0.006069802731411229
2020-11-18,5,2020-11-23,33,2636,0.0125189681335356,0.01251896813353566
2020-11-18,6,2020-11-24,26,2636,0.0098634294385432,0.009863429438543247
2020-11-18,7,2020-11-25,20,2636,0.007587253414264,0.007587253414264037
2020-11-18,8,2020-11-26,15,2636,0.005690440060698,0.005690440060698027
2020-11-18,9,2020-11-27,15,2636,0.005690440060698,0.005690440060698027
2020-11-18,10,2020-11-28,6,2636,0.0022761760242792,0.002276176024279211
2020-11-18,11,2020-11-29,9,2636,0.0034142640364188,0.0034142640364188165
2020-11-18,12,2020-11-30,11,2636,0.0041729893778452,0.00417298937784522
2020-11-18,13,2020-12-01,16,2636,0.0060698027314112,0.006069802731411229
2020-11-18,14,2020-12-02,15,2636,0.005690440060698,0.005690440060698027
2020-11-19,0,2020-11-19,2689,2689,1.0,1.0
2020-11-19,1,2020-11-20,173,2689,0.0643361844551878,0.06433618445518781
2020-11-19,2,2020-11-21,46,2689,0.0171067311268129,0.017106731126812942
2020-11-19,3,2020-11-22,26,2689,0.009669021941242,0.009669021941242098
2020-11-19,4,2020-11-23,40,2689,0.0148754183711416,0.014875418371141688
2020-11-19,5,2020-11-24,32,2689,0.0119003346969133,0.01190033469691335
2020-11-19,6,2020-11-25,24,2689,0.008925251022685,0.008925251022685012
2020-11-19,7,2020-11-26,18,2689,0.0066939382670137,0.00669393826701376
2020-11-19,8,2020-11-27,16,2689,0.0059501673484566,0.005950167348456675
2020-11-19,9,2020-11-28,10,2689,0.0037188545927854,0.003718854592785422
2020-11-19,10,2020-11-29,3,2689,0.0011156563778356,0.0011156563778356265
2020-11-19,11,2020-11-30,21,2689,0.0078095946448493,0.007809594644849386
2020-11-19,12,2020-12-01,23,2689,0.0085533655634064,0.008553365563406471
2020-11-19,13,2020-12-02,23,2689,0.0085533655634064,0.008553365563406471
2020-11-19,14,2020-12-03,17,2689,0.0063220528077352,0.006322052807735217
2020-11-20,0,2020-11-20,2626,2626,1.0,1.0
2020-11-20,1,2020-11-21,142,2626,0.054074638233054,0.05407463823305408
2020-11-20,2,2020-11-22,43,2626,0.0163747143945163,0.016374714394516376
2020-11-20,3,2020-11-23,60,2626,0.0228484386900228,0.02284843869002285
2020-11-20,4,2020-11-24,31,2626,0.0118050266565118,0.011805026656511805
2020-11-20,5,2020-11-25,39,2626,0.0148514851485148,0.01485148514851485
2020-11-20,6,2020-11-26,25,2626,0.0095201827875095,0.00952018278750952
2020-11-20,7,2020-11-27,28,2626,0.0106626047220106,0.010662604722010662
2020-11-20,8,2020-11-28,16,2626,0.006092916984006,0.006092916984006093
2020-11-20,9,2020-11-29,15,2626,0.0057121096725057,0.0057121096725057125
2020-11-20,10,2020-11-30,20,2626,0.0076161462300076,0.007616146230007616
2020-11-20,11,2020-12-01,20,2626,0.0076161462300076,0.007616146230007616
2020-11-20,12,2020-12-02,21,2626,0.0079969535415079,0.007996953541507998
2020-11-20,13,2020-12-03,16,2626,0.006092916984006,0.006092916984006093
2020-11-20,14,2020-12-04,22,2626,0.0083777608530083,0.008377760853008377
2020-11-21,0,2020-11-21,2173,2173,1.0,1.0
2020-11-21,1,2020-11-22,112,2173,0.0515416474919466,0.05154164749194662
2020-11-21,2,2020-11-23,44,2173,0.0202485043718361,0.02024850437183617
2020-11-21,3,2020-11-24,33,2173,0.0151863782788771,0.015186378278877128
2020-11-21,4,2020-11-25,23,2173,0.0105844454670961,0.01058444546709618
2020-11-21,5,2020-11-26,23,2173,0.0105844454670961,0.01058444546709618
2020-11-21,6,2020-11-27,18,2173,0.0082834790612057,0.008283479061205707
2020-11-21,7,2020-11-28,16,2173,0.0073630924988495,0.007363092498849517
2020-11-21,8,2020-11-29,11,2173,0.005062126092959,0.0050621260929590425
2020-11-21,9,2020-11-30,18,2173,0.0082834790612057,0.008283479061205707
2020-11-21,10,2020-12-01,6,2173,0.0027611596870685,0.0027611596870685687
2020-11-21,11,2020-12-02,16,2173,0.0073630924988495,0.007363092498849517
2020-11-21,12,2020-12-03,8,2173,0.0036815462494247,0.0036815462494247586
2020-11-21,13,2020-12-04,11,2173,0.005062126092959,0.0050621260929590425
2020-11-21,14,2020-12-05,9,2173,0.0041417395306028,0.0041417395306028535
2020-11-22,0,2020-11-22,1887,1887,1.0,1.0
2020-11-22,1,2020-11-23,93,1887,0.0492845786963434,0.0492845786963434
2020-11-22,2,2020-11-24,39,1887,0.0206677265500794,0.02066772655007949
2020-11-22,3,2020-11-25,28,1887,0.0148383677795442,0.01483836777954425
2020-11-22,4,2020-11-26,16,1887,0.0084790673025967,0.008479067302596715
2020-11-22,5,2020-11-27,20,1887,0.0105988341282458,0.010598834128245893
2020-11-22,6,2020-11-28,18,1887,0.0095389507154213,0.009538950715421303
2020-11-22,7,2020-11-29,14,1887,0.0074191838897721,0.007419183889772125
2020-11-22,8,2020-11-30,11,1887,0.0058293587705352,0.005829358770535241
2020-11-22,9,2020-12-01,8,1887,0.0042395336512983,0.0042395336512983575
2020-11-22,10,2020-12-02,3,1887,0.0015898251192368,0.001589825119236884
2020-11-22,11,2020-12-03,7,1887,0.003709591944886,0.0037095919448860626
2020-11-22,12,2020-12-04,4,1887,0.0021197668256491,0.0021197668256491787
2020-11-22,13,2020-12-05,3,1887,0.0015898251192368,0.001589825119236884
2020-11-22,14,2020-12-06,5,1887,0.0026497085320614,0.002649708532061473
2020-11-23,0,2020-11-23,2640,2640,1.0,1.0
2020-11-23,1,2020-11-24,184,2640,0.0696969696969697,0.0696969696969697
2020-11-23,2,2020-11-25,60,2640,0.0227272727272727,0.022727272727272728
2020-11-23,3,2020-11-26,32,2640,0.0121212121212121,0.012121212121212121
2020-11-23,4,2020-11-27,24,2640,0.009090909090909,0.00909090909090909
2020-11-23,5,2020-11-28,24,2640,0.009090909090909,0.00909090909090909
2020-11-23,6,2020-11-29,13,2640,0.0049242424242424,0.004924242424242424
2020-11-23,7,2020-11-30,28,2640,0.0106060606060606,0.010606060606060607
2020-11-23,8,2020-12-01,23,2640,0.0087121212121212,0.008712121212121213
2020-11-23,9,2020-12-02,20,2640,0.0075757575757575,0.007575757575757576
2020-11-23,10,2020-12-03,26,2640,0.0098484848484848,0.009848484848484848
2020-11-23,11,2020-12-04,15,2640,0.0056818181818181,0.005681818181818182
2020-11-23,12,2020-12-05,2,2640,0.0007575757575757,0.0007575757575757576
2020-11-23,13,2020-12-06,6,2640,0.0022727272727272,0.0022727272727272726
2020-11-23,14,2020-12-07,19,2640,0.0071969696969696,0.007196969696969697
2020-11-24,0,2020-11-24,2741,2741,1.0,1.0
2020-11-24,1,2020-11-25,165,2741,0.0601970083910981,0.060197008391098136
2020-11-24,2,2020-11-26,53,2741,0.0193360087559284,0.01933600875592849
2020-11-24,3,2020-11-27,31,2741,0.0113097409704487,0.011309740970448741
2020-11-24,4,2020-11-28,23,2741,0.0083910981393651,0.008391098139365194
2020-11-24,5,2020-11-29,25,2741,0.009120758847136,0.009120758847136081
2020-11-24,6,2020-11-30,34,2741,0.012404232032105,0.012404232032105071
2020-11-24,7,2020-12-01,36,2741,0.0131338927398759,0.013133892739875957
2020-11-24,8,2020-12-02,20,2741,0.0072966070777088,0.0072966070777088655
2020-11-24,9,2020-12-03,22,2741,0.0080262677854797,0.008026267785479753
2020-11-24,10,2020-12-04,16,2741,0.005837285662167,0.005837285662167092
2020-11-24,11,2020-12-05,8,2741,0.0029186428310835,0.002918642831083546
2020-11-24,12,2020-12-06,5,2741,0.0018241517694272,0.0018241517694272164
2020-11-24,13,2020-12-07,22,2741,0.0080262677854797,0.008026267785479753
2020-11-24,14,2020-12-08,17,2741,0.0062021160160525,0.006202116016052536
2020-11-25,0,2020-11-25,2895,2895,1.0,1.0
2020-11-25,1,2020-11-26,138,2895,0.0476683937823834,0.04766839378238342
2020-11-25,2,2020-11-27,51,2895,0.0176165803108808,0.017616580310880828
2020-11-25,3,2020-11-28,25,2895,0.0086355785837651,0.008635578583765112
2020-11-25,4,2020-11-29,18,2895,0.0062176165803108,0.0062176165803108805
2020-11-25,5,2020-11-30,35,2895,0.0120898100172711,0.012089810017271158
2020-11-25,6,2020-12-01,40,2895,0.0138169257340241,0.013816925734024179
2020-11-25,7,2020-12-02,31,2895,0.0107081174438687,0.01070811744386874
2020-11-25,8,2020-12-03,23,2895,0.0079447322970639,0.007944732297063902
2020-11-25,9,2020-12-04,19,2895,0.0065630397236614,0.0065630397236614854
2020-11-25,10,2020-12-05,10,2895,0.003454231433506,0.0034542314335060447
2020-11-25,11,2020-12-06,10,2895,0.003454231433506,0.0034542314335060447
2020-11-25,12,2020-12-07,13,2895,0.0044905008635578,0.004490500863557859
2020-11-25,13,2020-12-08,12,2895,0.0041450777202072,0.004145077720207254
2020-11-25,14,2020-12-09,10,2895,0.003454231433506,0.0034542314335060447
2020-11-26,0,2020-11-26,2878,2878,1.0,1.0
2020-11-26,1,2020-11-27,135,2878,0.046907574704656,0.046907574704656015
2020-11-26,2,2020-11-28,39,2878,0.0135510771369006,0.013551077136900626
2020-11-26,3,2020-11-29,37,2878,0.012856150104239,0.012856150104239055
2020-11-26,4,2020-11-30,46,2878,0.0159833217512161,0.015983321751216122
2020-11-26,5,2020-12-01,30,2878,0.0104239054899235,0.010423905489923557
2020-11-26,6,2020-12-02,27,2878,0.0093815149409312,0.009381514940931202
2020-11-26,7,2020-12-03,22,2878,0.0076441973592772,0.007644197359277276
2020-11-26,8,2020-12-04,12,2878,0.0041695621959694,0.004169562195969423
2020-11-26,9,2020-12-05,9,2878,0.003127171646977,0.0031271716469770676
2020-11-26,10,2020-12-06,9,2878,0.003127171646977,0.0031271716469770676
2020-11-26,11,2020-12-07,13,2878,0.0045170257123002,0.004517025712300208
2020-11-26,12,2020-12-08,13,2878,0.0045170257123002,0.004517025712300208
2020-11-26,13,2020-12-09,20,2878,0.0069492703266157,0.006949270326615705
2020-11-26,14,2020-12-10,9,2878,0.003127171646977,0.0031271716469770676
2020-11-27,0,2020-11-27,2808,2808,1.0,1.0
2020-11-27,1,2020-11-28,113,2808,0.0402421652421652,0.04024216524216524
2020-11-27,2,2020-11-29,35,2808,0.0124643874643874,0.012464387464387465
2020-11-27,3,2020-11-30,59,2808,0.021011396011396,0.02101139601139601
2020-11-27,4,2020-12-01,25,2808,0.0089031339031339,0.008903133903133903
2020-11-27,5,2020-12-02,26,2808,0.0092592592592592,0.009259259259259259
2020-11-27,6,2020-12-03,11,2808,0.0039173789173789,0.003917378917378918
2020-11-27,7,2020-12-04,14,2808,0.0049857549857549,0.004985754985754986
2020-11-27,8,2020-12-05,12,2808,0.0042735042735042,0.004273504273504274
2020-11-27,9,2020-12-06,7,2808,0.0024928774928774,0.002492877492877493
2020-11-27,10,2020-12-07,16,2808,0.0056980056980056,0.005698005698005698
2020-11-27,11,2020-12-08,12,2808,0.0042735042735042,0.004273504273504274
2020-11-27,12,2020-12-09,13,2808,0.0046296296296296,0.004629629629629629
2020-11-27,13,2020-12-10,12,2808,0.0042735042735042,0.004273504273504274
2020-11-27,14,2020-12-11,9,2808,0.0032051282051282,0.003205128205128205
2020-11-28,0,2020-11-28,2452,2452,1.0,1.0
2020-11-28,1,2020-11-29,106,2452,0.0432300163132137,0.0432300163132137
2020-11-28,2,2020-11-30,45,2452,0.0183523654159869,0.01835236541598695
2020-11-28,3,2020-12-01,28,2452,0.0114192495921696,0.011419249592169658
2020-11-28,4,2020-12-02,22,2452,0.0089722675367047,0.00897226753670473
2020-11-28,5,2020-12-03,18,2452,0.0073409461663947,0.00734094616639478
2020-11-28,6,2020-12-04,12,2452,0.0048939641109298,0.004893964110929853
2020-11-28,7,2020-12-05,17,2452,0.0069331158238172,0.006933115823817292
2020-11-28,8,2020-12-06,6,2452,0.0024469820554649,0.0024469820554649264
2020-11-28,9,2020-12-07,3,2452,0.0012234910277324,0.0012234910277324632
2020-11-28,10,2020-12-08,10,2452,0.0040783034257748,0.004078303425774877
2020-11-28,11,2020-12-09,9,2452,0.0036704730831973,0.00367047308319739
2020-11-28,12,2020-12-10,9,2452,0.0036704730831973,0.00367047308319739
2020-11-28,13,2020-12-11,14,2452,0.0057096247960848,0.005709624796084829
2020-11-28,14,2020-12-12,3,2452,0.0012234910277324,0.0012234910277324632
2020-11-29,0,2020-11-29,2320,2320,1.0,1.0
2020-11-29,1,2020-11-30,110,2320,0.0474137931034482,0.04741379310344827
2020-11-29,2,2020-12-01,31,2320,0.0133620689655172,0.013362068965517242
2020-11-29,3,2020-12-02,21,2320,0.009051724137931,0.009051724137931035
2020-11-29,4,2020-12-03,16,2320,0.0068965517241379,0.006896551724137931
2020-11-29,5,2020-12-04,15,2320,0.0064655172413793,0.00646551724137931
2020-11-29,6,2020-12-05,13,2320,0.005603448275862,0.005603448275862069
2020-11-29,7,2020-12-06,10,2320,0.0043103448275862,0.004310344827586207
2020-11-29,8,2020-12-07,10,2320,0.0043103448275862,0.004310344827586207
2020-11-29,9,2020-12-08,10,2320,0.0043103448275862,0.004310344827586207
2020-11-29,10,2020-12-09,4,2320,0.0017241379310344,0.0017241379310344827
2020-11-29,11,2020-12-10,4,2320,0.0017241379310344,0.0017241379310344827
2020-11-29,12,2020-12-11,7,2320,0.0030172413793103,0.003017241379310345
2020-11-29,13,2020-12-12,10,2320,0.0043103448275862,0.004310344827586207
2020-11-29,14,2020-12-13,7,2320,0.0030172413793103,0.003017241379310345
2020-11-30,0,2020-11-30,3058,3058,1.0,1.0
2020-11-30,1,2020-12-01,185,3058,0.0604970568999346,0.0604970568999346
2020-11-30,2,2020-12-02,68,3058,0.0222367560497056,0.02223675604970569
2020-11-30,3,2020-12-03,44,3058,0.014388489208633,0.014388489208633094
2020-11-30,4,2020-12-04,31,3058,0.0101373446697187,0.010137344669718771
2020-11-30,5,2020-12-05,21,3058,0.0068672334859385,0.0068672334859385216
2020-11-30,6,2020-12-06,21,3058,0.0068672334859385,0.0068672334859385216
2020-11-30,7,2020-12-07,31,3058,0.0101373446697187,0.010137344669718771
2020-11-30,8,2020-12-08,21,3058,0.0068672334859385,0.0068672334859385216
2020-11-30,9,2020-12-09,19,3058,0.0062132112491824,0.006213211249182472
2020-11-30,10,2020-12-10,16,3058,0.0052321778940483,0.005232177894048398
2020-11-30,11,2020-12-11,16,3058,0.0052321778940483,0.005232177894048398
2020-11-30,12,2020-12-12,8,3058,0.0026160889470241,0.002616088947024199
2020-11-30,13,2020-12-13,6,3058,0.0019620667102681,0.001962066710268149
2020-11-30,14,2020-12-14,23,3058,0.0075212557226945,0.007521255722694572
