window,stage,sessions,previous_stage,step_rate,rate_of_all_sessions
full_92d,All sessions,360129,360129,1.0,1.0
full_92d,View,77020,360129,0.2138678084797392,0.2138678084797392
full_92d,Checkout after view,10807,77020,0.14031420410283044,0.030008691330051174
full_92d,Purchase after checkout,4688,10807,0.4337929120014805,0.013017557597416482
november,All sessions,108401,108401,1.0,1.0
november,View,25946,108401,0.23935203549782752,0.23935203549782752
november,Checkout after view,4527,25946,0.17447776150466354,0.04176160736524571
november,Purchase after checkout,1589,4527,0.35100508062734703,0.01465853636036568
stable_57d,All sessions,233875,233875,1.0,1.0
stable_57d,View,47022,233875,0.20105611972207377,0.20105611972207377
stable_57d,Checkout after view,6049,47022,0.12864191229637192,0.025864243719935863
stable_57d,Purchase after checkout,2985,6049,0.49346999504050254,0.0127632282202031
